Workbook

Sheet Notes
A1: Log Adviser
A2: A spreadsheet by Main Mukkor
A3: Release version: | B3: ='Change log and credits'!$A$2 -> v 1.3.4 | C3: ='Change log and credits'!$B$2 -> 46001
A4: Check the #log-adviser channel in the Log Hunters Discord server to see how to give feedback.
A6: How to use this sheet:
A7: If you want to know which activities give fast log slots for a beginner:
A8: 1. Go to the "List of activities" tab and create a filtered view.
A9: Data -> Create filter view
A11: 2. Sort the "Time to next log slot" column in the filter view from A-Z.
A13: If you want to know which activities give the fastest log slots for you:
A14: 1. Sign in to your Google account.
A16: 2. Make a copy (File -> Make a copy) and use that copy.
A18: 3. Upload your log using the TempleOSRS plugin.*
A19: a. Make sure your templeosrs.com profile exists. If it doesn't,
A20: search for your username, then press the "Update Player" button.
... A25: You can check if it worked by viewing the "Collection Log" tab of your Temple profile.
A26: * You could use the manual override feature on the "List of log slots" tab if you don't want to do an automatic import (click the check boxes), then skip to step 5. | E26: Use Ironman rates
A27: 4. Input your username to automatically import your log: | E27: FALSE
A28: You can refresh by changing the username here if you're using the Temple API.
A29: You'll have to press "Temple sync" for each new log unless you set up auto-sync.
A30: Check the checkbox if you're an Ironman to use Ironman rates instead of Main rates.
A32: 5. Go to the "List of activities" tab and create a filtered view.
A33: Data -> Create filter view
A35: 6. Sort the "Time to next log slot" column in the filter view from A-Z.
A37: Other cool stuff you can do:
A38: Sort by other columns!
A39: Try sorting by "Slots left" or "% complete" or "Difficulty" instead of "Time to next log slot".
A41: Difficulty stats and filtering!
A42: Check out the "Difficulty stats" tab to check your progress on collection logs for each difficulty rating from 1-10.
A43: Also try filtering the "List of log slots" by difficulty rating! Create a filter view, then click the top right of the slot
... A61: I'm looking for suggestions! What features would you like to see added to Log Adviser?
A63: Items without an activity: | E63: Count:
A64: Barronite mace (0 time reward for getting the 3 pieces) | E64: 1
A65: Champion's cape (Basically 0 time reward for finishing the rest of the Champion's Challenge log) | E65: 1
A66: Total: | E66: =SUM(E63:E65) -> 2

Sheet List of activities
A1: Index | B1: Activity name | C1: Completions/hr | D1: Extra time to first completion (hours) | E1: Effective droprate (neither) | F1: Time to neither | G1: Effective droprate (independent) | H1: Time to independent | I1: Effective droprate (exact) | J1: Time to exact | K1: Effective droprate (E&I) | L1: Time to E&I | M1: Fastest Item ID | N1: Easiest Item ID | O1: Time to next log slot | P1: Fastest slot | Q1: Slots left | R1: Slots total | S1: % complete | T1: Difficulty | U1: Easiest slot
A2: 211 | B2: =VLOOKUP($A2, 'Completion rates'!$A:$E, 2, FALSE) -> Killing gryphons (on task) | C2: =IF(Notes!$E$27, VLOOKUP($A2, 'Completion rates'!$A:$E, 4, FALSE), VLOOKUP($A2, 'Completion rates'!$A:$E, 3, FALSE)) -> 600 | D2: =VLOOKUP($A2, 'Completion rates'!$A:$E, 5, FALSE) -> 0 | E2: =IF(SUMIFS('Activity map'!$O:$O, 'Activity map'!$A:$A, A2, 'Activity map'!$H:$H, "=TRUE") = 0, "n/a", 1/SUMIFS('Activity map'!$O:$O, 'Activity map'!$A:$A, A2, 'Activity map'!$H:$H, "=TRUE")) -> 0.99993661 | F2: =IF(OR(ISBLANK(C2), E2 = "n/a"), "", E2/C2 + D2) -> 0.001666561 | G2: =IF(MINIFS('Activity map'!$N:$N, 'Activity map'!$A:$A, A2, 'Activity map'!$H:$H, "=TRUE") = 0, "n/a", MINIFS('Activity map'!$N:$N, 'Activity map'!$A:$A, A2, 'Activity map'!$H:$H, "=TRUE")) -> n/a | H2: =IF(OR(ISBLANK(C2), G2 = "n/a"), "", G2/C2 + D2) | I2: =IF(MINIFS('Activity map'!$M:$M, 'Activity map'!$A:$A, A2, 'Activity map'!$H:$H, "=TRUE") = 0, "n/a", MINIFS('Activity map'!$M:$M, 'Activity map'!$A:$A, A2, 'Activity map'!$H:$H, "=TRUE")) -> 1000 | J2: =IF(OR(ISBLANK(C2), I2 = "n/a"), "", I2/C2 + D2) -> 1.6666667 | K2: =IF(MINIFS('Activity map'!$L:$L, 'Activity map'!$A:$A, A2, 'Activity map'!$H:$H, "=TRUE") = 0, "n/a", MINIFS('Activity map'!$L:$L, 'Activity map'!$A:$A, A2, 'Activity map'!$H:$H, "=TRUE")) -> n/a | L2: =IF(OR(ISBLANK(C2), K2 = "n/a"), "", K2/C2 + D2) | M2: =MINIFS('Activity map'!$C:$C, 'Activity map'!$A:$A, $A2, 'Activity map'!$H:$H, "=TRUE", 'Activity map'!$K:$K, MINIFS('Activity map'!$K:$K, 'Activity map'!$A:$A, $A2, 'Activity map'!$H:$H, "=TRUE")) -> 31235 | N2: =MINIFS('Activity map'!$C:$C, 'Activity map'!$A:$A, $A2, 'Activity map'!$H:$H, "=TRUE", 'Activity map'!$E:$E, $T2) -> 31235 | O2: =IF(MIN(F2,H2,J2,L2) = 0, "Done!", MIN(F2,H2,J2,L2) / 24) -> 6.9440042e-05 | P2: =IF($M2=0, "-", VLOOKUP($M2, 'List of log slots'!$A:$C, 2, FALSE)) -> Gryphon feather | Q2: =IFERROR(__xludf.DUMMYFUNCTION("IF(ISERROR(FILTER('Activity map'!$C:$C, ('Activity map'!$A:$A=$A2)*('Activity map'!$F:$F=FALSE))), 0, COUNTA(UNIQUE(FILTER('Activity map'!$C:$C, ('Activity map'!$A:$A=$A2)*('Activity map'!$F:$F=FALSE)))))"),8.0) -> 8 | R2: =IFERROR(__xludf.DUMMYFUNCTION("IF(ISERROR(FILTER('Activity map'!$C:$C, 'Activity map'!$A:$A=$A2)), 0, COUNTA(UNIQUE(FILTER('Activity map'!$C:$C, 'Activity map'!$A:$A=$A2))))"),8.0) -> 8 | S2: =1 - Q2/R2 -> 0 | T2: =IFERROR(__xludf.DUMMYFUNCTION("IF(ISERROR(FILTER('Activity map'!$E:$E, ('Activity map'!$A:$A=$A2)*('Activity map'!$F:$F=FALSE))), ""-"", MIN(UNIQUE(FILTER('Activity map'!$E:$E, ('Activity map'!$A:$A=$A2)*('Activity map'!$F:$F=FALSE)))))"),4.0) -> 4 | U2: =IF($N2=0, "-", VLOOKUP($N2, 'List of log slots'!$A:$C, 2, FALSE)) -> Gryphon feather
A3: 208 | B3: =VLOOKUP($A3, 'Completion rates'!$A:$E, 2, FALSE) -> Killing araxytes (level 146, on task) | C3: =IF(Notes!$E$27, VLOOKUP($A3, 'Completion rates'!$A:$E, 4, FALSE), VLOOKUP($A3, 'Completion rates'!$A:$E, 3, FALSE)) -> 500 | D3: =VLOOKUP($A3, 'Completion rates'!$A:$E, 5, FALSE) -> 0 | E3: =IF(SUMIFS('Activity map'!$O:$O, 'Activity map'!$A:$A, A3, 'Activity map'!$H:$H, "=TRUE") = 0, "n/a", 1/SUMIFS('Activity map'!$O:$O, 'Activity map'!$A:$A, A3, 'Activity map'!$H:$H, "=TRUE")) -> 0.99801585 | F3: =IF(OR(ISBLANK(C3), E3 = "n/a"), "", E3/C3 + D3) -> 0.0019960317 | G3: =IF(MINIFS('Activity map'!$N:$N, 'Activity map'!$A:$A, A3, 'Activity map'!$H:$H, "=TRUE") = 0, "n/a", MINIFS('Activity map'!$N:$N, 'Activity map'!$A:$A, A3, 'Activity map'!$H:$H, "=TRUE")) -> n/a | H3: =IF(OR(ISBLANK(C3), G3 = "n/a"), "", G3/C3 + D3) | I3: =IF(MINIFS('Activity map'!$M:$M, 'Activity map'!$A:$A, A3, 'Activity map'!$H:$H, "=TRUE") = 0, "n/a", MINIFS('Activity map'!$M:$M, 'Activity map'!$A:$A, A3, 'Activity map'!$H:$H, "=TRUE")) -> n/a | J3: =IF(OR(ISBLANK(C3), I3 = "n/a"), "", I3/C3 + D3) | K3: =IF(MINIFS('Activity map'!$L:$L, 'Activity map'!$A:$A, A3, 'Activity map'!$H:$H, "=TRUE") = 0, "n/a", MINIFS('Activity map'!$L:$L, 'Activity map'!$A:$A, A3, 'Activity map'!$H:$H, "=TRUE")) -> n/a | L3: =IF(OR(ISBLANK(C3), K3 = "n/a"), "", K3/C3 + D3) | M3: =MINIFS('Activity map'!$C:$C, 'Activity map'!$A:$A, $A3, 'Activity map'!$H:$H, "=TRUE", 'Activity map'!$K:$K, MINIFS('Activity map'!$K:$K, 'Activity map'!$A:$A, $A3, 'Activity map'!$H:$H, "=TRUE")) -> 29784 | N3: =MINIFS('Activity map'!$C:$C, 'Activity map'!$A:$A, $A3, 'Activity map'!$H:$H, "=TRUE", 'Activity map'!$E:$E, $T3) -> 29784 | O3: =IF(MIN(F3,H3,J3,L3) = 0, "Done!", MIN(F3,H3,J3,L3) / 24) -> 8.3167987e-05 | P3: =IF($M3=0, "-", VLOOKUP($M3, 'List of log slots'!$A:$C, 2, FALSE)) -> Araxyte venom sack | Q3: =IFERROR(__xludf.DUMMYFUNCTION("IF(ISERROR(FILTER('Activity map'!$C:$C, ('Activity map'!$A:$A=$A3)*('Activity map'!$F:$F=FALSE))), 0, COUNTA(UNIQUE(FILTER('Activity map'!$C:$C, ('Activity map'!$A:$A=$A3)*('Activity map'!$F:$F=FALSE)))))"),7.0) -> 7 | R3: =IFERROR(__xludf.DUMMYFUNCTION("IF(ISERROR(FILTER('Activity map'!$C:$C, 'Activity map'!$A:$A=$A3)), 0, COUNTA(UNIQUE(FILTER('Activity map'!$C:$C, 'Activity map'!$A:$A=$A3))))"),7.0) -> 7 | S3: =1 - Q3/R3 -> 0 | T3: =IFERROR(__xludf.DUMMYFUNCTION("IF(ISERROR(FILTER('Activity map'!$E:$E, ('Activity map'!$A:$A=$A3)*('Activity map'!$F:$F=FALSE))), ""-"", MIN(UNIQUE(FILTER('Activity map'!$E:$E, ('Activity map'!$A:$A=$A3)*('Activity map'!$F:$F=FALSE)))))"),5.0) -> 5 | U3: =IF($N3=0, "-", VLOOKUP($N3, 'List of log slots'!$A:$C, 2, FALSE)) -> Araxyte venom sack
A4: 127 | B4: =VLOOKUP($A4, 'Completion rates'!$A:$E, 2, FALSE) -> Spending 100 numulite at the fossil island notes chest | C4: =IF(Notes!$E$27, VLOOKUP($A4, 'Completion rates'!$A:$E, 4, FALSE), VLOOKUP($A4, 'Completion rates'!$A:$E, 3, FALSE)) -> 1000 | D4: =VLOOKUP($A4, 'Completion rates'!$A:$E, 5, FALSE) -> 0 | E4: =IF(SUMIFS('Activity map'!$O:$O, 'Activity map'!$A:$A, A4, 'Activity map'!$H:$H, "=TRUE") = 0, "n/a", 1/SUMIFS('Activity map'!$O:$O, 'Activity map'!$A:$A, A4, 'Activity map'!$H:$H, "=TRUE")) -> n/a | F4: =IF(OR(ISBLANK(C4), E4 = "n/a"), "", E4/C4 + D4) | G4: =IF(MINIFS('Activity map'!$N:$N, 'Activity map'!$A:$A, A4, 'Activity map'!$H:$H, "=TRUE") = 0, "n/a", MINIFS('Activity map'!$N:$N, 'Activity map'!$A:$A, A4, 'Activity map'!$H:$H, "=TRUE")) -> 3 | H4: =IF(OR(ISBLANK(C4), G4 = "n/a"), "", G4/C4 + D4) -> 0.003 | I4: =IF(MINIFS('Activity map'!$M:$M, 'Activity map'!$A:$A, A4, 'Activity map'!$H:$H, "=TRUE") = 0, "n/a", MINIFS('Activity map'!$M:$M, 'Activity map'!$A:$A, A4, 'Activity map'!$H:$H, "=TRUE")) -> n/a | J4: =IF(OR(ISBLANK(C4), I4 = "n/a"), "", I4/C4 + D4) | K4: =IF(MINIFS('Activity map'!$L:$L, 'Activity map'!$A:$A, A4, 'Activity map'!$H:$H, "=TRUE") = 0, "n/a", MINIFS('Activity map'!$L:$L, 'Activity map'!$A:$A, A4, 'Activity map'!$H:$H, "=TRUE")) -> n/a | L4: =IF(OR(ISBLANK(C4), K4 = "n/a"), "", K4/C4 + D4) | M4: =MINIFS('Activity map'!$C:$C, 'Activity map'!$A:$A, $A4, 'Activity map'!$H:$H, "=TRUE", 'Activity map'!$K:$K, MINIFS('Activity map'!$K:$K, 'Activity map'!$A:$A, $A4, 'Activity map'!$H:$H, "=TRUE")) -> 21664 | N4: =MINIFS('Activity map'!$C:$C, 'Activity map'!$A:$A, $A4, 'Activity map'!$H:$H, "=TRUE", 'Activity map'!$E:$E, $T4) -> 21664 | O4: =IF(MIN(F4,H4,J4,L4) = 0, "Done!", MIN(F4,H4,J4,L4) / 24) -> 0.000125 | P4: =IF($M4=0, "-", VLOOKUP($M4, 'List of log slots'!$A:$C, 2, FALSE)) -> Scribbled note | Q4: =IFERROR(__xludf.DUMMYFUNCTION("IF(ISERROR(FILTER('Activity map'!$C:$C, ('Activity map'!$A:$A=$A4)*('Activity map'!$F:$F=FALSE))), 0, COUNTA(UNIQUE(FILTER('Activity map'!$C:$C, ('Activity map'!$A:$A=$A4)*('Activity map'!$F:$F=FALSE)))))"),10.0) -> 10 | R4: =IFERROR(__xludf.DUMMYFUNCTION("IF(ISERROR(FILTER('Activity map'!$C:$C, 'Activity map'!$A:$A=$A4)), 0, COUNTA(UNIQUE(FILTER('Activity map'!$C:$C, 'Activity map'!$A:$A=$A4))))"),10.0) -> 10 | S4: =1 - Q4/R4 -> 0 | T4: =IFERROR(__xludf.DUMMYFUNCTION("IF(ISERROR(FILTER('Activity map'!$E:$E, ('Activity map'!$A:$A=$A4)*('Activity map'!$F:$F=FALSE))), ""-"", MIN(UNIQUE(FILTER('Activity map'!$E:$E, ('Activity map'!$A:$A=$A4)*('Activity map'!$F:$F=FALSE)))))"),2.0) -> 2 | U4: =IF($N4=0, "-", VLOOKUP($N4, 'List of log slots'!$A:$C, 2, FALSE)) -> Scribbled note
A5: 136 | B5: =VLOOKUP($A5, 'Completion rates'!$A:$E, 2, FALSE) -> Killing revenants (demon cyclops quads, skulled, off task) | C5: =IF(Notes!$E$27, VLOOKUP($A5, 'Completion rates'!$A:$E, 4, FALSE), VLOOKUP($A5, 'Completion rates'!$A:$E, 3, FALSE)) -> 260 | D5: =VLOOKUP($A5, 'Completion rates'!$A:$E, 5, FALSE) -> 0 | E5: =IF(SUMIFS('Activity map'!$O:$O, 'Activity map'!$A:$A, A5, 'Activity map'!$H:$H, "=TRUE") = 0, "n/a", 1/SUMIFS('Activity map'!$O:$O, 'Activity map'!$A:$A, A5, 'Activity map'!$H:$H, "=TRUE")) -> 7.7109675 | F5: =IF(OR(ISBLANK(C5), E5 = "n/a"), "", E5/C5 + D5) -> 0.029657567 | G5: =IF(MINIFS('Activity map'!$N:$N, 'Activity map'!$A:$A, A5, 'Activity map'!$H:$H, "=TRUE") = 0, "n/a", MINIFS('Activity map'!$N:$N, 'Activity map'!$A:$A, A5, 'Activity map'!$H:$H, "=TRUE")) -> n/a | H5: =IF(OR(ISBLANK(C5), G5 = "n/a"), "", G5/C5 + D5) | I5: =IF(MINIFS('Activity map'!$M:$M, 'Activity map'!$A:$A, A5, 'Activity map'!$H:$H, "=TRUE") = 0, "n/a", MINIFS('Activity map'!$M:$M, 'Activity map'!$A:$A, A5, 'Activity map'!$H:$H, "=TRUE")) -> 1 | J5: =IF(OR(ISBLANK(C5), I5 = "n/a"), "", I5/C5 + D5) -> 0.0038461538 | K5: =IF(MINIFS('Activity map'!$L:$L, 'Activity map'!$A:$A, A5, 'Activity map'!$H:$H, "=TRUE") = 0, "n/a", MINIFS('Activity map'!$L:$L, 'Activity map'!$A:$A, A5, 'Activity map'!$H:$H, "=TRUE")) -> n/a | L5: =IF(OR(ISBLANK(C5), K5 = "n/a"), "", K5/C5 + D5) | M5: =MINIFS('Activity map'!$C:$C, 'Activity map'!$A:$A, $A5, 'Activity map'!$H:$H, "=TRUE", 'Activity map'!$K:$K, MINIFS('Activity map'!$K:$K, 'Activity map'!$A:$A, $A5, 'Activity map'!$H:$H, "=TRUE")) -> 21820 | N5: =MINIFS('Activity map'!$C:$C, 'Activity map'!$A:$A, $A5, 'Activity map'!$H:$H, "=TRUE", 'Activity map'!$E:$E, $T5) -> 21820 | O5: =IF(MIN(F5,H5,J5,L5) = 0, "Done!", MIN(F5,H5,J5,L5) / 24) -> 0.00016025641 | P5: =IF($M5=0, "-", VLOOKUP($M5, 'List of log slots'!$A:$C, 2, FALSE)) -> Revenant ether | Q5: =IFERROR(__xludf.DUMMYFUNCTION("IF(ISERROR(FILTER('Activity map'!$C:$C, ('Activity map'!$A:$A=$A5)*('Activity map'!$F:$F=FALSE))), 0, COUNTA(UNIQUE(FILTER('Activity map'!$C:$C, ('Activity map'!$A:$A=$A5)*('Activity map'!$F:$F=FALSE)))))"),14.0) -> 14 | R5: =IFERROR(__xludf.DUMMYFUNCTION("IF(ISERROR(FILTER('Activity map'!$C:$C, 'Activity map'!$A:$A=$A5)), 0, COUNTA(UNIQUE(FILTER('Activity map'!$C:$C, 'Activity map'!$A:$A=$A5))))"),14.0) -> 14 | S5: =1 - Q5/R5 -> 0 | T5: =IFERROR(__xludf.DUMMYFUNCTION("IF(ISERROR(FILTER('Activity map'!$E:$E, ('Activity map'!$A:$A=$A5)*('Activity map'!$F:$F=FALSE))), ""-"", MIN(UNIQUE(FILTER('Activity map'!$E:$E, ('Activity map'!$A:$A=$A5)*('Activity map'!$F:$F=FALSE)))))"),1.0) -> 1 | U5: =IF($N5=0, "-", VLOOKUP($N5, 'List of log slots'!$A:$C, 2, FALSE)) -> Revenant ether
A6: 85 | B6: =VLOOKUP($A6, 'Completion rates'!$A:$E, 2, FALSE) -> Looting hallowed marks (hallowed sepulchre) | C6: =IF(Notes!$E$27, VLOOKUP($A6, 'Completion rates'!$A:$E, 4, FALSE), VLOOKUP($A6, 'Completion rates'!$A:$E, 3, FALSE)) -> 160 | D6: =VLOOKUP($A6, 'Completion rates'!$A:$E, 5, FALSE) -> 0 | E6: =IF(SUMIFS('Activity map'!$O:$O, 'Activity map'!$A:$A, A6, 'Activity map'!$H:$H, "=TRUE") = 0, "n/a", 1/SUMIFS('Activity map'!$O:$O, 'Activity map'!$A:$A, A6, 'Activity map'!$H:$H, "=TRUE")) -> 30.146667 | F6: =IF(OR(ISBLANK(C6), E6 = "n/a"), "", E6/C6 + D6) -> 0.18841667 | G6: =IF(MINIFS('Activity map'!$N:$N, 'Activity map'!$A:$A, A6, 'Activity map'!$H:$H, "=TRUE") = 0, "n/a", MINIFS('Activity map'!$N:$N, 'Activity map'!$A:$A, A6, 'Activity map'!$H:$H, "=TRUE")) -> 10 | H6: =IF(OR(ISBLANK(C6), G6 = "n/a"), "", G6/C6 + D6) -> 0.0625 | I6: =IF(MINIFS('Activity map'!$M:$M, 'Activity map'!$A:$A, A6, 'Activity map'!$H:$H, "=TRUE") = 0, "n/a", MINIFS('Activity map'!$M:$M, 'Activity map'!$A:$A, A6, 'Activity map'!$H:$H, "=TRUE")) -> 1 | J6: =IF(OR(ISBLANK(C6), I6 = "n/a"), "", I6/C6 + D6) -> 0.00625 | K6: =IF(MINIFS('Activity map'!$L:$L, 'Activity map'!$A:$A, A6, 'Activity map'!$H:$H, "=TRUE") = 0, "n/a", MINIFS('Activity map'!$L:$L, 'Activity map'!$A:$A, A6, 'Activity map'!$H:$H, "=TRUE")) -> n/a | L6: =IF(OR(ISBLANK(C6), K6 = "n/a"), "", K6/C6 + D6) | M6: =MINIFS('Activity map'!$C:$C, 'Activity map'!$A:$A, $A6, 'Activity map'!$H:$H, "=TRUE", 'Activity map'!$K:$K, MINIFS('Activity map'!$K:$K, 'Activity map'!$A:$A, $A6, 'Activity map'!$H:$H, "=TRUE")) -> 24711 | N6: =MINIFS('Activity map'!$C:$C, 'Activity map'!$A:$A, $A6, 'Activity map'!$H:$H, "=TRUE", 'Activity map'!$E:$E, $T6) -> 24711 | O6: =IF(MIN(F6,H6,J6,L6) = 0, "Done!", MIN(F6,H6,J6,L6) / 24) -> 0.00026041667 | P6: =IF($M6=0, "-", VLOOKUP($M6, 'List of log slots'!$A:$C, 2, FALSE)) -> Hallowed mark | Q6: =IFERROR(__xludf.DUMMYFUNCTION("IF(ISERROR(FILTER('Activity map'!$C:$C, ('Activity map'!$A:$A=$A6)*('Activity map'!$F:$F=FALSE))), 0, COUNTA(UNIQUE(FILTER('Activity map'!$C:$C, ('Activity map'!$A:$A=$A6)*('Activity map'!$F:$F=FALSE)))))"),15.0) -> 15 | R6: =IFERROR(__xludf.DUMMYFUNCTION("IF(ISERROR(FILTER('Activity map'!$C:$C, 'Activity map'!$A:$A=$A6)), 0, COUNTA(UNIQUE(FILTER('Activity map'!$C:$C, 'Activity map'!$A:$A=$A6))))"),15.0) -> 15 | S6: =1 - Q6/R6 -> 0 | T6: =IFERROR(__xludf.DUMMYFUNCTION("IF(ISERROR(FILTER('Activity map'!$E:$E, ('Activity map'!$A:$A=$A6)*('Activity map'!$F:$F=FALSE))), ""-"", MIN(UNIQUE(FILTER('Activity map'!$E:$E, ('Activity map'!$A:$A=$A6)*('Activity map'!$F:$F=FALSE)))))"),4.0) -> 4 | U6: =IF($N6=0, "-", VLOOKUP($N6, 'List of log slots'!$A:$C, 2, FALSE)) -> Hallowed mark
A7: 81 | B7: =VLOOKUP($A7, 'Completion rates'!$A:$E, 2, FALSE) -> Earning giants' foundry reputation | C7: =IF(Notes!$E$27, VLOOKUP($A7, 'Completion rates'!$A:$E, 4, FALSE), VLOOKUP($A7, 'Completion rates'!$A:$E, 3, FALSE)) -> 2000 | D7: =VLOOKUP($A7, 'Completion rates'!$A:$E, 5, FALSE) -> 0 | E7: =IF(SUMIFS('Activity map'!$O:$O, 'Activity map'!$A:$A, A7, 'Activity map'!$H:$H, "=TRUE") = 0, "n/a", 1/SUMIFS('Activity map'!$O:$O, 'Activity map'!$A:$A, A7, 'Activity map'!$H:$H, "=TRUE")) -> n/a | F7: =IF(OR(ISBLANK(C7), E7 = "n/a"), "", E7/C7 + D7) | G7: =IF(MINIFS('Activity map'!$N:$N, 'Activity map'!$A:$A, A7, 'Activity map'!$H:$H, "=TRUE") = 0, "n/a", MINIFS('Activity map'!$N:$N, 'Activity map'!$A:$A, A7, 'Activity map'!$H:$H, "=TRUE")) -> n/a | H7: =IF(OR(ISBLANK(C7), G7 = "n/a"), "", G7/C7 + D7) | I7: =IF(MINIFS('Activity map'!$M:$M, 'Activity map'!$A:$A, A7, 'Activity map'!$H:$H, "=TRUE") = 0, "n/a", MINIFS('Activity map'!$M:$M, 'Activity map'!$A:$A, A7, 'Activity map'!$H:$H, "=TRUE")) -> n/a | J7: =IF(OR(ISBLANK(C7), I7 = "n/a"), "", I7/C7 + D7) | K7: =IF(MINIFS('Activity map'!$L:$L, 'Activity map'!$A:$A, A7, 'Activity map'!$H:$H, "=TRUE") = 0, "n/a", MINIFS('Activity map'!$L:$L, 'Activity map'!$A:$A, A7, 'Activity map'!$H:$H, "=TRUE")) -> 15 | L7: =IF(OR(ISBLANK(C7), K7 = "n/a"), "", K7/C7 + D7) -> 0.0075 | M7: =MINIFS('Activity map'!$C:$C, 'Activity map'!$A:$A, $A7, 'Activity map'!$H:$H, "=TRUE", 'Activity map'!$K:$K, MINIFS('Activity map'!$K:$K, 'Activity map'!$A:$A, $A7, 'Activity map'!$H:$H, "=TRUE")) -> 27017 | N7: =MINIFS('Activity map'!$C:$C, 'Activity map'!$A:$A, $A7, 'Activity map'!$H:$H, "=TRUE", 'Activity map'!$E:$E, $T7) -> 27014 | O7: =IF(MIN(F7,H7,J7,L7) = 0, "Done!", MIN(F7,H7,J7,L7) / 24) -> 0.0003125 | P7: =IF($M7=0, "-", VLOOKUP($M7, 'List of log slots'!$A:$C, 2, FALSE)) -> Smithing catalyst | Q7: =IFERROR(__xludf.DUMMYFUNCTION("IF(ISERROR(FILTER('Activity map'!$C:$C, ('Activity map'!$A:$A=$A7)*('Activity map'!$F:$F=FALSE))), 0, COUNTA(UNIQUE(FILTER('Activity map'!$C:$C, ('Activity map'!$A:$A=$A7)*('Activity map'!$F:$F=FALSE)))))"),9.0) -> 9 | R7: =IFERROR(__xludf.DUMMYFUNCTION("IF(ISERROR(FILTER('Activity map'!$C:$C, 'Activity map'!$A:$A=$A7)), 0, COUNTA(UNIQUE(FILTER('Activity map'!$C:$C, 'Activity map'!$A:$A=$A7))))"),9.0) -> 9 | S7: =1 - Q7/R7 -> 0 | T7: =IFERROR(__xludf.DUMMYFUNCTION("IF(ISERROR(FILTER('Activity map'!$E:$E, ('Activity map'!$A:$A=$A7)*('Activity map'!$F:$F=FALSE))), ""-"", MIN(UNIQUE(FILTER('Activity map'!$E:$E, ('Activity map'!$A:$A=$A7)*('Activity map'!$F:$F=FALSE)))))"),1.0) -> 1 | U7: =IF($N7=0, "-", VLOOKUP($N7, 'List of log slots'!$A:$C, 2, FALSE)) -> Kovac's grog
A8: 94 | B8: =VLOOKUP($A8, 'Completion rates'!$A:$E, 2, FALSE) -> Opening chests with shades of mort'ton keys | C8: =IF(Notes!$E$27, VLOOKUP($A8, 'Completion rates'!$A:$E, 4, FALSE), VLOOKUP($A8, 'Completion rates'!$A:$E, 3, FALSE)) -> 175 | D8: =VLOOKUP($A8, 'Completion rates'!$A:$E, 5, FALSE) -> 0 | E8: =IF(SUMIFS('Activity map'!$O:$O, 'Activity map'!$A:$A, A8, 'Activity map'!$H:$H, "=TRUE") = 0, "n/a", 1/SUMIFS('Activity map'!$O:$O, 'Activity map'!$A:$A, A8, 'Activity map'!$H:$H, "=TRUE")) -> 1.3300346 | F8: =IF(OR(ISBLANK(C8), E8 = "n/a"), "", E8/C8 + D8) -> 0.0076001979 | G8: =IF(MINIFS('Activity map'!$N:$N, 'Activity map'!$A:$A, A8, 'Activity map'!$H:$H, "=TRUE") = 0, "n/a", MINIFS('Activity map'!$N:$N, 'Activity map'!$A:$A, A8, 'Activity map'!$H:$H, "=TRUE")) -> 60 | H8: =IF(OR(ISBLANK(C8), G8 = "n/a"), "", G8/C8 + D8) -> 0.34285714 | I8: =IF(MINIFS('Activity map'!$M:$M, 'Activity map'!$A:$A, A8, 'Activity map'!$H:$H, "=TRUE") = 0, "n/a", MINIFS('Activity map'!$M:$M, 'Activity map'!$A:$A, A8, 'Activity map'!$H:$H, "=TRUE")) -> n/a | J8: =IF(OR(ISBLANK(C8), I8 = "n/a"), "", I8/C8 + D8) | K8: =IF(MINIFS('Activity map'!$L:$L, 'Activity map'!$A:$A, A8, 'Activity map'!$H:$H, "=TRUE") = 0, "n/a", MINIFS('Activity map'!$L:$L, 'Activity map'!$A:$A, A8, 'Activity map'!$H:$H, "=TRUE")) -> n/a | L8: =IF(OR(ISBLANK(C8), K8 = "n/a"), "", K8/C8 + D8) | M8: =MINIFS('Activity map'!$C:$C, 'Activity map'!$A:$A, $A8, 'Activity map'!$H:$H, "=TRUE", 'Activity map'!$K:$K, MINIFS('Activity map'!$K:$K, 'Activity map'!$A:$A, $A8, 'Activity map'!$H:$H, "=TRUE")) -> 25630 | N8: =MINIFS('Activity map'!$C:$C, 'Activity map'!$A:$A, $A8, 'Activity map'!$H:$H, "=TRUE", 'Activity map'!$E:$E, $T8) -> 25442 | O8: =IF(MIN(F8,H8,J8,L8) = 0, "Done!", MIN(F8,H8,J8,L8) / 24) -> 0.00031667491 | P8: =IF($M8=0, "-", VLOOKUP($M8, 'List of log slots'!$A:$C, 2, FALSE)) -> Flamtaer bag | Q8: =IFERROR(__xludf.DUMMYFUNCTION("IF(ISERROR(FILTER('Activity map'!$C:$C, ('Activity map'!$A:$A=$A8)*('Activity map'!$F:$F=FALSE))), 0, COUNTA(UNIQUE(FILTER('Activity map'!$C:$C, ('Activity map'!$A:$A=$A8)*('Activity map'!$F:$F=FALSE)))))"),14.0) -> 14 | R8: =IFERROR(__xludf.DUMMYFUNCTION("IF(ISERROR(FILTER('Activity map'!$C:$C, 'Activity map'!$A:$A=$A8)), 0, COUNTA(UNIQUE(FILTER('Activity map'!$C:$C, 'Activity map'!$A:$A=$A8))))"),14.0) -> 14 | S8: =1 - Q8/R8 -> 0 | T8: =IFERROR(__xludf.DUMMYFUNCTION("IF(ISERROR(FILTER('Activity map'!$E:$E, ('Activity map'!$A:$A=$A8)*('Activity map'!$F:$F=FALSE))), ""-"", MIN(UNIQUE(FILTER('Activity map'!$E:$E, ('Activity map'!$A:$A=$A8)*('Activity map'!$F:$F=FALSE)))))"),2.0) -> 2 | U8: =IF($N8=0, "-", VLOOKUP($N8, 'List of log slots'!$A:$C, 2, FALSE)) -> Bronze locks
A9: 23 | B9: =VLOOKUP($A9, 'Completion rates'!$A:$E, 2, FALSE) -> Killing giant mole | C9: =IF(Notes!$E$27, VLOOKUP($A9, 'Completion rates'!$A:$E, 4, FALSE), VLOOKUP($A9, 'Completion rates'!$A:$E, 3, FALSE)) -> 125 | D9: =VLOOKUP($A9, 'Completion rates'!$A:$E, 5, FALSE) -> 0 | E9: =IF(SUMIFS('Activity map'!$O:$O, 'Activity map'!$A:$A, A9, 'Activity map'!$H:$H, "=TRUE") = 0, "n/a", 1/SUMIFS('Activity map'!$O:$O, 'Activity map'!$A:$A, A9, 'Activity map'!$H:$H, "=TRUE")) -> 307.20019 | F9: =IF(OR(ISBLANK(C9), E9 = "n/a"), "", E9/C9 + D9) -> 2.4576015 | G9: =IF(MINIFS('Activity map'!$N:$N, 'Activity map'!$A:$A, A9, 'Activity map'!$H:$H, "=TRUE") = 0, "n/a", MINIFS('Activity map'!$N:$N, 'Activity map'!$A:$A, A9, 'Activity map'!$H:$H, "=TRUE")) -> n/a | H9: =IF(OR(ISBLANK(C9), G9 = "n/a"), "", G9/C9 + D9) | I9: =IF(MINIFS('Activity map'!$M:$M, 'Activity map'!$A:$A, A9, 'Activity map'!$H:$H, "=TRUE") = 0, "n/a", MINIFS('Activity map'!$M:$M, 'Activity map'!$A:$A, A9, 'Activity map'!$H:$H, "=TRUE")) -> 1 | J9: =IF(OR(ISBLANK(C9), I9 = "n/a"), "", I9/C9 + D9) -> 0.008 | K9: =IF(MINIFS('Activity map'!$L:$L, 'Activity map'!$A:$A, A9, 'Activity map'!$H:$H, "=TRUE") = 0, "n/a", MINIFS('Activity map'!$L:$L, 'Activity map'!$A:$A, A9, 'Activity map'!$H:$H, "=TRUE")) -> n/a | L9: =IF(OR(ISBLANK(C9), K9 = "n/a"), "", K9/C9 + D9) | M9: =MINIFS('Activity map'!$C:$C, 'Activity map'!$A:$A, $A9, 'Activity map'!$H:$H, "=TRUE", 'Activity map'!$K:$K, MINIFS('Activity map'!$K:$K, 'Activity map'!$A:$A, $A9, 'Activity map'!$H:$H, "=TRUE")) -> 7416 | N9: =MINIFS('Activity map'!$C:$C, 'Activity map'!$A:$A, $A9, 'Activity map'!$H:$H, "=TRUE", 'Activity map'!$E:$E, $T9) -> 7416 | O9: =IF(MIN(F9,H9,J9,L9) = 0, "Done!", MIN(F9,H9,J9,L9) / 24) -> 0.00033333333 | P9: =IF($M9=0, "-", VLOOKUP($M9, 'List of log slots'!$A:$C, 2, FALSE)) -> Mole claw | Q9: =IFERROR(__xludf.DUMMYFUNCTION("IF(ISERROR(FILTER('Activity map'!$C:$C, ('Activity map'!$A:$A=$A9)*('Activity map'!$F:$F=FALSE))), 0, COUNTA(UNIQUE(FILTER('Activity map'!$C:$C, ('Activity map'!$A:$A=$A9)*('Activity map'!$F:$F=FALSE)))))"),7.0) -> 7 | R9: =IFERROR(__xludf.DUMMYFUNCTION("IF(ISERROR(FILTER('Activity map'!$C:$C, 'Activity map'!$A:$A=$A9)), 0, COUNTA(UNIQUE(FILTER('Activity map'!$C:$C, 'Activity map'!$A:$A=$A9))))"),7.0) -> 7 | S9: =1 - Q9/R9 -> 0 | T9: =IFERROR(__xludf.DUMMYFUNCTION("IF(ISERROR(FILTER('Activity map'!$E:$E, ('Activity map'!$A:$A=$A9)*('Activity map'!$F:$F=FALSE))), ""-"", MIN(UNIQUE(FILTER('Activity map'!$E:$E, ('Activity map'!$A:$A=$A9)*('Activity map'!$F:$F=FALSE)))))"),3.0) -> 3 | U9: =IF($N9=0, "-", VLOOKUP($N9, 'List of log slots'!$A:$C, 2, FALSE)) -> Mole claw
A10: 137 | B10: =VLOOKUP($A10, 'Completion rates'!$A:$E, 2, FALSE) -> Killing revenants (demon cyclops quads, skulled, skipping for task) | C10: =IF(Notes!$E$27, VLOOKUP($A10, 'Completion rates'!$A:$E, 4, FALSE), VLOOKUP($A10, 'Completion rates'!$A:$E, 3, FALSE)) -> 107 | D10: =VLOOKUP($A10, 'Completion rates'!$A:$E, 5, FALSE) -> 0 | E10: =IF(SUMIFS('Activity map'!$O:$O, 'Activity map'!$A:$A, A10, 'Activity map'!$H:$H, "=TRUE") = 0, "n/a", 1/SUMIFS('Activity map'!$O:$O, 'Activity map'!$A:$A, A10, 'Activity map'!$H:$H, "=TRUE")) -> 7.6450601 | F10: =IF(OR(ISBLANK(C10), E10 = "n/a"), "", E10/C10 + D10) -> 0.07144916 | G10: =IF(MINIFS('Activity map'!$N:$N, 'Activity map'!$A:$A, A10, 'Activity map'!$H:$H, "=TRUE") = 0, "n/a", MINIFS('Activity map'!$N:$N, 'Activity map'!$A:$A, A10, 'Activity map'!$H:$H, "=TRUE")) -> n/a | H10: =IF(OR(ISBLANK(C10), G10 = "n/a"), "", G10/C10 + D10) | I10: =IF(MINIFS('Activity map'!$M:$M, 'Activity map'!$A:$A, A10, 'Activity map'!$H:$H, "=TRUE") = 0, "n/a", MINIFS('Activity map'!$M:$M, 'Activity map'!$A:$A, A10, 'Activity map'!$H:$H, "=TRUE")) -> 1 | J10: =IF(OR(ISBLANK(C10), I10 = "n/a"), "", I10/C10 + D10) -> 0.0093457944 | K10: =IF(MINIFS('Activity map'!$L:$L, 'Activity map'!$A:$A, A10, 'Activity map'!$H:$H, "=TRUE") = 0, "n/a", MINIFS('Activity map'!$L:$L, 'Activity map'!$A:$A, A10, 'Activity map'!$H:$H, "=TRUE")) -> n/a | L10: =IF(OR(ISBLANK(C10), K10 = "n/a"), "", K10/C10 + D10) | M10: =MINIFS('Activity map'!$C:$C, 'Activity map'!$A:$A, $A10, 'Activity map'!$H:$H, "=TRUE", 'Activity map'!$K:$K, MINIFS('Activity map'!$K:$K, 'Activity map'!$A:$A, $A10, 'Activity map'!$H:$H, "=TRUE")) -> 21820 | N10: =MINIFS('Activity map'!$C:$C, 'Activity map'!$A:$A, $A10, 'Activity map'!$H:$H, "=TRUE", 'Activity map'!$E:$E, $T10) -> 21820 | O10: =IF(MIN(F10,H10,J10,L10) = 0, "Done!", MIN(F10,H10,J10,L10) / 24) -> 0.0003894081 | P10: =IF($M10=0, "-", VLOOKUP($M10, 'List of log slots'!$A:$C, 2, FALSE)) -> Revenant ether | Q10: =IFERROR(__xludf.DUMMYFUNCTION("IF(ISERROR(FILTER('Activity map'!$C:$C, ('Activity map'!$A:$A=$A10)*('Activity map'!$F:$F=FALSE))), 0, COUNTA(UNIQUE(FILTER('Activity map'!$C:$C, ('Activity map'!$A:$A=$A10)*('Activity map'!$F:$F=FALSE)))))"),14.0) -> 14 | R10: =IFERROR(__xludf.DUMMYFUNCTION("IF(ISERROR(FILTER('Activity map'!$C:$C, 'Activity map'!$A:$A=$A10)), 0, COUNTA(UNIQUE(FILTER('Activity map'!$C:$C, 'Activity map'!$A:$A=$A10))))"),14.0) -> 14 | S10: =1 - Q10/R10 -> 0 | T10: =IFERROR(__xludf.DUMMYFUNCTION("IF(ISERROR(FILTER('Activity map'!$E:$E, ('Activity map'!$A:$A=$A10)*('Activity map'!$F:$F=FALSE))), ""-"", MIN(UNIQUE(FILTER('Activity map'!$E:$E, ('Activity map'!$A:$A=$A10)*('Activity map'!$F:$F=FALSE)))))"),1.0) -> 1 | U10: =IF($N10=0, "-", VLOOKUP($N10, 'List of log slots'!$A:$C, 2, FALSE)) -> Revenant ether
A11: 47 | B11: =VLOOKUP($A11, 'Completion rates'!$A:$E, 2, FALSE) -> Killing shellbane gryphon (on task) | C11: =IF(Notes!$E$27, VLOOKUP($A11, 'Completion rates'!$A:$E, 4, FALSE), VLOOKUP($A11, 'Completion rates'!$A:$E, 3, FALSE)) -> 100 | D11: =VLOOKUP($A11, 'Completion rates'!$A:$E, 5, FALSE) -> 0 | E11: =IF(SUMIFS('Activity map'!$O:$O, 'Activity map'!$A:$A, A11, 'Activity map'!$H:$H, "=TRUE") = 0, "n/a", 1/SUMIFS('Activity map'!$O:$O, 'Activity map'!$A:$A, A11, 'Activity map'!$H:$H, "=TRUE")) -> 165.66844 | F11: =IF(OR(ISBLANK(C11), E11 = "n/a"), "", E11/C11 + D11) -> 1.6566844 | G11: =IF(MINIFS('Activity map'!$N:$N, 'Activity map'!$A:$A, A11, 'Activity map'!$H:$H, "=TRUE") = 0, "n/a", MINIFS('Activity map'!$N:$N, 'Activity map'!$A:$A, A11, 'Activity map'!$H:$H, "=TRUE")) -> n/a | H11: =IF(OR(ISBLANK(C11), G11 = "n/a"), "", G11/C11 + D11) | I11: =IF(MINIFS('Activity map'!$M:$M, 'Activity map'!$A:$A, A11, 'Activity map'!$H:$H, "=TRUE") = 0, "n/a", MINIFS('Activity map'!$M:$M, 'Activity map'!$A:$A, A11, 'Activity map'!$H:$H, "=TRUE")) -> 1 | J11: =IF(OR(ISBLANK(C11), I11 = "n/a"), "", I11/C11 + D11) -> 0.01 | K11: =IF(MINIFS('Activity map'!$L:$L, 'Activity map'!$A:$A, A11, 'Activity map'!$H:$H, "=TRUE") = 0, "n/a", MINIFS('Activity map'!$L:$L, 'Activity map'!$A:$A, A11, 'Activity map'!$H:$H, "=TRUE")) -> n/a | L11: =IF(OR(ISBLANK(C11), K11 = "n/a"), "", K11/C11 + D11) | M11: =MINIFS('Activity map'!$C:$C, 'Activity map'!$A:$A, $A11, 'Activity map'!$H:$H, "=TRUE", 'Activity map'!$K:$K, MINIFS('Activity map'!$K:$K, 'Activity map'!$A:$A, $A11, 'Activity map'!$H:$H, "=TRUE")) -> 31235 | N11: =MINIFS('Activity map'!$C:$C, 'Activity map'!$A:$A, $A11, 'Activity map'!$H:$H, "=TRUE", 'Activity map'!$E:$E, $T11) -> 10976 | O11: =IF(MIN(F11,H11,J11,L11) = 0, "Done!", MIN(F11,H11,J11,L11) / 24) -> 0.00041666667 | P11: =IF($M11=0, "-", VLOOKUP($M11, 'List of log slots'!$A:$C, 2, FALSE)) -> Gryphon feather | Q11: =IFERROR(__xludf.DUMMYFUNCTION("IF(ISERROR(FILTER('Activity map'!$C:$C, ('Activity map'!$A:$A=$A11)*('Activity map'!$F:$F=FALSE))), 0, COUNTA(UNIQUE(FILTER('Activity map'!$C:$C, ('Activity map'!$A:$A=$A11)*('Activity map'!$F:$F=FALSE)))))"),8.0) -> 8 | R11: =IFERROR(__xludf.DUMMYFUNCTION("IF(ISERROR(FILTER('Activity map'!$C:$C, 'Activity map'!$A:$A=$A11)), 0, COUNTA(UNIQUE(FILTER('Activity map'!$C:$C, 'Activity map'!$A:$A=$A11))))"),8.0) -> 8 | S11: =1 - Q11/R11 -> 0 | T11: =IFERROR(__xludf.DUMMYFUNCTION("IF(ISERROR(FILTER('Activity map'!$E:$E, ('Activity map'!$A:$A=$A11)*('Activity map'!$F:$F=FALSE))), ""-"", MIN(UNIQUE(FILTER('Activity map'!$E:$E, ('Activity map'!$A:$A=$A11)*('Activity map'!$F:$F=FALSE)))))"),3.0) -> 3 | U11: =IF($N11=0, "-", VLOOKUP($N11, 'List of log slots'!$A:$C, 2, FALSE)) -> Long bone
A12: 154 | B12: =VLOOKUP($A12, 'Completion rates'!$A:$E, 2, FALSE) -> Killing soldiers in the shayzien combat ring | C12: =IF(Notes!$E$27, VLOOKUP($A12, 'Completion rates'!$A:$E, 4, FALSE), VLOOKUP($A12, 'Completion rates'!$A:$E, 3, FALSE)) -> 100 | D12: =VLOOKUP($A12, 'Completion rates'!$A:$E, 5, FALSE) -> 0 | E12: =IF(SUMIFS('Activity map'!$O:$O, 'Activity map'!$A:$A, A12, 'Activity map'!$H:$H, "=TRUE") = 0, "n/a", 1/SUMIFS('Activity map'!$O:$O, 'Activity map'!$A:$A, A12, 'Activity map'!$H:$H, "=TRUE")) -> n/a | F12: =IF(OR(ISBLANK(C12), E12 = "n/a"), "", E12/C12 + D12) | G12: =IF(MINIFS('Activity map'!$N:$N, 'Activity map'!$A:$A, A12, 'Activity map'!$H:$H, "=TRUE") = 0, "n/a", MINIFS('Activity map'!$N:$N, 'Activity map'!$A:$A, A12, 'Activity map'!$H:$H, "=TRUE")) -> n/a | H12: =IF(OR(ISBLANK(C12), G12 = "n/a"), "", G12/C12 + D12) | I12: =IF(MINIFS('Activity map'!$M:$M, 'Activity map'!$A:$A, A12, 'Activity map'!$H:$H, "=TRUE") = 0, "n/a", MINIFS('Activity map'!$M:$M, 'Activity map'!$A:$A, A12, 'Activity map'!$H:$H, "=TRUE")) -> n/a | J12: =IF(OR(ISBLANK(C12), I12 = "n/a"), "", I12/C12 + D12) | K12: =IF(MINIFS('Activity map'!$L:$L, 'Activity map'!$A:$A, A12, 'Activity map'!$H:$H, "=TRUE") = 0, "n/a", MINIFS('Activity map'!$L:$L, 'Activity map'!$A:$A, A12, 'Activity map'!$H:$H, "=TRUE")) -> 1 | L12: =IF(OR(ISBLANK(C12), K12 = "n/a"), "", K12/C12 + D12) -> 0.01 | M12: =MINIFS('Activity map'!$C:$C, 'Activity map'!$A:$A, $A12, 'Activity map'!$H:$H, "=TRUE", 'Activity map'!$K:$K, MINIFS('Activity map'!$K:$K, 'Activity map'!$A:$A, $A12, 'Activity map'!$H:$H, "=TRUE")) -> 13357 | N12: =MINIFS('Activity map'!$C:$C, 'Activity map'!$A:$A, $A12, 'Activity map'!$H:$H, "=TRUE", 'Activity map'!$E:$E, $T12) -> 13357 | O12: =IF(MIN(F12,H12,J12,L12) = 0, "Done!", MIN(F12,H12,J12,L12) / 24) -> 0.00041666667 | P12: =IF($M12=0, "-", VLOOKUP($M12, 'List of log slots'!$A:$C, 2, FALSE)) -> Shayzien gloves (1) | Q12: =IFERROR(__xludf.DUMMYFUNCTION("IF(ISERROR(FILTER('Activity map'!$C:$C, ('Activity map'!$A:$A=$A12)*('Activity map'!$F:$F=FALSE))), 0, COUNTA(UNIQUE(FILTER('Activity map'!$C:$C, ('Activity map'!$A:$A=$A12)*('Activity map'!$F:$F=FALSE)))))"),25.0) -> 25 | R12: =IFERROR(__xludf.DUMMYFUNCTION("IF(ISERROR(FILTER('Activity map'!$C:$C, 'Activity map'!$A:$A=$A12)), 0, COUNTA(UNIQUE(FILTER('Activity map'!$C:$C, 'Activity map'!$A:$A=$A12))))"),25.0) -> 25 | S12: =1 - Q12/R12 -> 0 | T12: =IFERROR(__xludf.DUMMYFUNCTION("IF(ISERROR(FILTER('Activity map'!$E:$E, ('Activity map'!$A:$A=$A12)*('Activity map'!$F:$F=FALSE))), ""-"", MIN(UNIQUE(FILTER('Activity map'!$E:$E, ('Activity map'!$A:$A=$A12)*('Activity map'!$F:$F=FALSE)))))"),1.0) -> 1 | U12: =IF($N12=0, "-", VLOOKUP($N12, 'List of log slots'!$A:$C, 2, FALSE)) -> Shayzien gloves (1)
A13: 240 | B13: =VLOOKUP($A13, 'Completion rates'!$A:$E, 2, FALSE) -> Killing underwater crabs (level 23) | C13: =IF(Notes!$E$27, VLOOKUP($A13, 'Completion rates'!$A:$E, 4, FALSE), VLOOKUP($A13, 'Completion rates'!$A:$E, 3, FALSE)) -> 400 | D13: =VLOOKUP($A13, 'Completion rates'!$A:$E, 5, FALSE) -> 0 | E13: =IF(SUMIFS('Activity map'!$O:$O, 'Activity map'!$A:$A, A13, 'Activity map'!$H:$H, "=TRUE") = 0, "n/a", 1/SUMIFS('Activity map'!$O:$O, 'Activity map'!$A:$A, A13, 'Activity map'!$H:$H, "=TRUE")) -> 4 | F13: =IF(OR(ISBLANK(C13), E13 = "n/a"), "", E13/C13 + D13) -> 0.01 | G13: =IF(MINIFS('Activity map'!$N:$N, 'Activity map'!$A:$A, A13, 'Activity map'!$H:$H, "=TRUE") = 0, "n/a", MINIFS('Activity map'!$N:$N, 'Activity map'!$A:$A, A13, 'Activity map'!$H:$H, "=TRUE")) -> n/a | H13: =IF(OR(ISBLANK(C13), G13 = "n/a"), "", G13/C13 + D13) | I13: =IF(MINIFS('Activity map'!$M:$M, 'Activity map'!$A:$A, A13, 'Activity map'!$H:$H, "=TRUE") = 0, "n/a", MINIFS('Activity map'!$M:$M, 'Activity map'!$A:$A, A13, 'Activity map'!$H:$H, "=TRUE")) -> n/a | J13: =IF(OR(ISBLANK(C13), I13 = "n/a"), "", I13/C13 + D13) | K13: =IF(MINIFS('Activity map'!$L:$L, 'Activity map'!$A:$A, A13, 'Activity map'!$H:$H, "=TRUE") = 0, "n/a", MINIFS('Activity map'!$L:$L, 'Activity map'!$A:$A, A13, 'Activity map'!$H:$H, "=TRUE")) -> n/a | L13: =IF(OR(ISBLANK(C13), K13 = "n/a"), "", K13/C13 + D13) | M13: =MINIFS('Activity map'!$C:$C, 'Activity map'!$A:$A, $A13, 'Activity map'!$H:$H, "=TRUE", 'Activity map'!$K:$K, MINIFS('Activity map'!$K:$K, 'Activity map'!$A:$A, $A13, 'Activity map'!$H:$H, "=TRUE")) -> 7536 | N13: =MINIFS('Activity map'!$C:$C, 'Activity map'!$A:$A, $A13, 'Activity map'!$H:$H, "=TRUE", 'Activity map'!$E:$E, $T13) -> 7536 | O13: =IF(MIN(F13,H13,J13,L13) = 0, "Done!", MIN(F13,H13,J13,L13) / 24) -> 0.00041666667 | P13: =IF($M13=0, "-", VLOOKUP($M13, 'List of log slots'!$A:$C, 2, FALSE)) -> Fresh crab claw | Q13: =IFERROR(__xludf.DUMMYFUNCTION("IF(ISERROR(FILTER('Activity map'!$C:$C, ('Activity map'!$A:$A=$A13)*('Activity map'!$F:$F=FALSE))), 0, COUNTA(UNIQUE(FILTER('Activity map'!$C:$C, ('Activity map'!$A:$A=$A13)*('Activity map'!$F:$F=FALSE)))))"),2.0) -> 2 | R13: =IFERROR(__xludf.DUMMYFUNCTION("IF(ISERROR(FILTER('Activity map'!$C:$C, 'Activity map'!$A:$A=$A13)), 0, COUNTA(UNIQUE(FILTER('Activity map'!$C:$C, 'Activity map'!$A:$A=$A13))))"),2.0) -> 2 | S13: =1 - Q13/R13 -> 0 | T13: =IFERROR(__xludf.DUMMYFUNCTION("IF(ISERROR(FILTER('Activity map'!$E:$E, ('Activity map'!$A:$A=$A13)*('Activity map'!$F:$F=FALSE))), ""-"", MIN(UNIQUE(FILTER('Activity map'!$E:$E, ('Activity map'!$A:$A=$A13)*('Activity map'!$F:$F=FALSE)))))"),1.0) -> 1 | U13: =IF($N13=0, "-", VLOOKUP($N13, 'List of log slots'!$A:$C, 2, FALSE)) -> Fresh crab claw
A14: 25 | B14: =VLOOKUP($A14, 'Completion rates'!$A:$E, 2, FALSE) -> Harvesting hespori | C14: =IF(Notes!$E$27, VLOOKUP($A14, 'Completion rates'!$A:$E, 4, FALSE), VLOOKUP($A14, 'Completion rates'!$A:$E, 3, FALSE)) -> 95 | D14: =VLOOKUP($A14, 'Completion rates'!$A:$E, 5, FALSE) -> 0 | E14: =IF(SUMIFS('Activity map'!$O:$O, 'Activity map'!$A:$A, A14, 'Activity map'!$H:$H, "=TRUE") = 0, "n/a", 1/SUMIFS('Activity map'!$O:$O, 'Activity map'!$A:$A, A14, 'Activity map'!$H:$H, "=TRUE")) -> 0.97222222 | F14: =IF(OR(ISBLANK(C14), E14 = "n/a"), "", E14/C14 + D14) -> 0.010233918 | G14: =IF(MINIFS('Activity map'!$N:$N, 'Activity map'!$A:$A, A14, 'Activity map'!$H:$H, "=TRUE") = 0, "n/a", MINIFS('Activity map'!$N:$N, 'Activity map'!$A:$A, A14, 'Activity map'!$H:$H, "=TRUE")) -> n/a | H14: =IF(OR(ISBLANK(C14), G14 = "n/a"), "", G14/C14 + D14) | I14: =IF(MINIFS('Activity map'!$M:$M, 'Activity map'!$A:$A, A14, 'Activity map'!$H:$H, "=TRUE") = 0, "n/a", MINIFS('Activity map'!$M:$M, 'Activity map'!$A:$A, A14, 'Activity map'!$H:$H, "=TRUE")) -> n/a | J14: =IF(OR(ISBLANK(C14), I14 = "n/a"), "", I14/C14 + D14) | K14: =IF(MINIFS('Activity map'!$L:$L, 'Activity map'!$A:$A, A14, 'Activity map'!$H:$H, "=TRUE") = 0, "n/a", MINIFS('Activity map'!$L:$L, 'Activity map'!$A:$A, A14, 'Activity map'!$H:$H, "=TRUE")) -> n/a | L14: =IF(OR(ISBLANK(C14), K14 = "n/a"), "", K14/C14 + D14) | M14: =MINIFS('Activity map'!$C:$C, 'Activity map'!$A:$A, $A14, 'Activity map'!$H:$H, "=TRUE", 'Activity map'!$K:$K, MINIFS('Activity map'!$K:$K, 'Activity map'!$A:$A, $A14, 'Activity map'!$H:$H, "=TRUE")) -> 22881 | N14: =MINIFS('Activity map'!$C:$C, 'Activity map'!$A:$A, $A14, 'Activity map'!$H:$H, "=TRUE", 'Activity map'!$E:$E, $T14) -> 22881 | O14: =IF(MIN(F14,H14,J14,L14) = 0, "Done!", MIN(F14,H14,J14,L14) / 24) -> 0.00042641326 | P14: =IF($M14=0, "-", VLOOKUP($M14, 'List of log slots'!$A:$C, 2, FALSE)) -> Attas seed | Q14: =IFERROR(__xludf.DUMMYFUNCTION("IF(ISERROR(FILTER('Activity map'!$C:$C, ('Activity map'!$A:$A=$A14)*('Activity map'!$F:$F=FALSE))), 0, COUNTA(UNIQUE(FILTER('Activity map'!$C:$C, ('Activity map'!$A:$A=$A14)*('Activity map'!$F:$F=FALSE)))))"),4.0) -> 4 | R14: =IFERROR(__xludf.DUMMYFUNCTION("IF(ISERROR(FILTER('Activity map'!$C:$C, 'Activity map'!$A:$A=$A14)), 0, COUNTA(UNIQUE(FILTER('Activity map'!$C:$C, 'Activity map'!$A:$A=$A14))))"),4.0) -> 4 | S14: =1 - Q14/R14 -> 0 | T14: =IFERROR(__xludf.DUMMYFUNCTION("IF(ISERROR(FILTER('Activity map'!$E:$E, ('Activity map'!$A:$A=$A14)*('Activity map'!$F:$F=FALSE))), ""-"", MIN(UNIQUE(FILTER('Activity map'!$E:$E, ('Activity map'!$A:$A=$A14)*('Activity map'!$F:$F=FALSE)))))"),3.0) -> 3 | U14: =IF($N14=0, "-", VLOOKUP($N14, 'List of log slots'!$A:$C, 2, FALSE)) -> Attas seed
A15: 3 | B15: =VLOOKUP($A15, 'Completion rates'!$A:$E, 2, FALSE) -> Killing amoxliatl | C15: =IF(Notes!$E$27, VLOOKUP($A15, 'Completion rates'!$A:$E, 4, FALSE), VLOOKUP($A15, 'Completion rates'!$A:$E, 3, FALSE)) -> 85 | D15: =VLOOKUP($A15, 'Completion rates'!$A:$E, 5, FALSE) -> 0 | E15: =IF(SUMIFS('Activity map'!$O:$O, 'Activity map'!$A:$A, A15, 'Activity map'!$H:$H, "=TRUE") = 0, "n/a", 1/SUMIFS('Activity map'!$O:$O, 'Activity map'!$A:$A, A15, 'Activity map'!$H:$H, "=TRUE")) -> 11.785975 | F15: =IF(OR(ISBLANK(C15), E15 = "n/a"), "", E15/C15 + D15) -> 0.13865853 | G15: =IF(MINIFS('Activity map'!$N:$N, 'Activity map'!$A:$A, A15, 'Activity map'!$H:$H, "=TRUE") = 0, "n/a", MINIFS('Activity map'!$N:$N, 'Activity map'!$A:$A, A15, 'Activity map'!$H:$H, "=TRUE")) -> n/a | H15: =IF(OR(ISBLANK(C15), G15 = "n/a"), "", G15/C15 + D15) | I15: =IF(MINIFS('Activity map'!$M:$M, 'Activity map'!$A:$A, A15, 'Activity map'!$H:$H, "=TRUE") = 0, "n/a", MINIFS('Activity map'!$M:$M, 'Activity map'!$A:$A, A15, 'Activity map'!$H:$H, "=TRUE")) -> 1 | J15: =IF(OR(ISBLANK(C15), I15 = "n/a"), "", I15/C15 + D15) -> 0.011764706 | K15: =IF(MINIFS('Activity map'!$L:$L, 'Activity map'!$A:$A, A15, 'Activity map'!$H:$H, "=TRUE") = 0, "n/a", MINIFS('Activity map'!$L:$L, 'Activity map'!$A:$A, A15, 'Activity map'!$H:$H, "=TRUE")) -> n/a | L15: =IF(OR(ISBLANK(C15), K15 = "n/a"), "", K15/C15 + D15) | M15: =MINIFS('Activity map'!$C:$C, 'Activity map'!$A:$A, $A15, 'Activity map'!$H:$H, "=TRUE", 'Activity map'!$K:$K, MINIFS('Activity map'!$K:$K, 'Activity map'!$A:$A, $A15, 'Activity map'!$H:$H, "=TRUE")) -> 29895 | N15: =MINIFS('Activity map'!$C:$C, 'Activity map'!$A:$A, $A15, 'Activity map'!$H:$H, "=TRUE", 'Activity map'!$E:$E, $T15) -> 29895 | O15: =IF(MIN(F15,H15,J15,L15) = 0, "Done!", MIN(F15,H15,J15,L15) / 24) -> 0.00049019608 | P15: =IF($M15=0, "-", VLOOKUP($M15, 'List of log slots'!$A:$C, 2, FALSE)) -> Frozen tear | Q15: =IFERROR(__xludf.DUMMYFUNCTION("IF(ISERROR(FILTER('Activity map'!$C:$C, ('Activity map'!$A:$A=$A15)*('Activity map'!$F:$F=FALSE))), 0, COUNTA(UNIQUE(FILTER('Activity map'!$C:$C, ('Activity map'!$A:$A=$A15)*('Activity map'!$F:$F=FALSE)))))"),7.0) -> 7 | R15: =IFERROR(__xludf.DUMMYFUNCTION("IF(ISERROR(FILTER('Activity map'!$C:$C, 'Activity map'!$A:$A=$A15)), 0, COUNTA(UNIQUE(FILTER('Activity map'!$C:$C, 'Activity map'!$A:$A=$A15))))"),7.0) -> 7 | S15: =1 - Q15/R15 -> 0 | T15: =IFERROR(__xludf.DUMMYFUNCTION("IF(ISERROR(FILTER('Activity map'!$E:$E, ('Activity map'!$A:$A=$A15)*('Activity map'!$F:$F=FALSE))), ""-"", MIN(UNIQUE(FILTER('Activity map'!$E:$E, ('Activity map'!$A:$A=$A15)*('Activity map'!$F:$F=FALSE)))))"),3.0) -> 3 | U15: =IF($N15=0, "-", VLOOKUP($N15, 'List of log slots'!$A:$C, 2, FALSE)) -> Frozen tear
A16: 78 | B16: =VLOOKUP($A16, 'Completion rates'!$A:$E, 2, FALSE) -> Getting brimhaven vouchers | C16: =IF(Notes!$E$27, VLOOKUP($A16, 'Completion rates'!$A:$E, 4, FALSE), VLOOKUP($A16, 'Completion rates'!$A:$E, 3, FALSE)) -> 66 | D16: =VLOOKUP($A16, 'Completion rates'!$A:$E, 5, FALSE) -> 0 | E16: =IF(SUMIFS('Activity map'!$O:$O, 'Activity map'!$A:$A, A16, 'Activity map'!$H:$H, "=TRUE") = 0, "n/a", 1/SUMIFS('Activity map'!$O:$O, 'Activity map'!$A:$A, A16, 'Activity map'!$H:$H, "=TRUE")) -> 1 | F16: =IF(OR(ISBLANK(C16), E16 = "n/a"), "", E16/C16 + D16) -> 0.015151515 | G16: =IF(MINIFS('Activity map'!$N:$N, 'Activity map'!$A:$A, A16, 'Activity map'!$H:$H, "=TRUE") = 0, "n/a", MINIFS('Activity map'!$N:$N, 'Activity map'!$A:$A, A16, 'Activity map'!$H:$H, "=TRUE")) -> n/a | H16: =IF(OR(ISBLANK(C16), G16 = "n/a"), "", G16/C16 + D16) | I16: =IF(MINIFS('Activity map'!$M:$M, 'Activity map'!$A:$A, A16, 'Activity map'!$H:$H, "=TRUE") = 0, "n/a", MINIFS('Activity map'!$M:$M, 'Activity map'!$A:$A, A16, 'Activity map'!$H:$H, "=TRUE")) -> 1 | J16: =IF(OR(ISBLANK(C16), I16 = "n/a"), "", I16/C16 + D16) -> 0.015151515 | K16: =IF(MINIFS('Activity map'!$L:$L, 'Activity map'!$A:$A, A16, 'Activity map'!$H:$H, "=TRUE") = 0, "n/a", MINIFS('Activity map'!$L:$L, 'Activity map'!$A:$A, A16, 'Activity map'!$H:$H, "=TRUE")) -> 250 | L16: =IF(OR(ISBLANK(C16), K16 = "n/a"), "", K16/C16 + D16) -> 3.7878788 | M16: =MINIFS('Activity map'!$C:$C, 'Activity map'!$A:$A, $A16, 'Activity map'!$H:$H, "=TRUE", 'Activity map'!$K:$K, MINIFS('Activity map'!$K:$K, 'Activity map'!$A:$A, $A16, 'Activity map'!$H:$H, "=TRUE")) -> 2996 | N16: =MINIFS('Activity map'!$C:$C, 'Activity map'!$A:$A, $A16, 'Activity map'!$H:$H, "=TRUE", 'Activity map'!$E:$E, $T16) -> 2996 | O16: =IF(MIN(F16,H16,J16,L16) = 0, "Done!", MIN(F16,H16,J16,L16) / 24) -> 0.00063131313 | P16: =IF($M16=0, "-", VLOOKUP($M16, 'List of log slots'!$A:$C, 2, FALSE)) -> Agility arena ticket | Q16: =IFERROR(__xludf.DUMMYFUNCTION("IF(ISERROR(FILTER('Activity map'!$C:$C, ('Activity map'!$A:$A=$A16)*('Activity map'!$F:$F=FALSE))), 0, COUNTA(UNIQUE(FILTER('Activity map'!$C:$C, ('Activity map'!$A:$A=$A16)*('Activity map'!$F:$F=FALSE)))))"),9.0) -> 9 | R16: =IFERROR(__xludf.DUMMYFUNCTION("IF(ISERROR(FILTER('Activity map'!$C:$C, 'Activity map'!$A:$A=$A16)), 0, COUNTA(UNIQUE(FILTER('Activity map'!$C:$C, 'Activity map'!$A:$A=$A16))))"),9.0) -> 9 | S16: =1 - Q16/R16 -> 0 | T16: =IFERROR(__xludf.DUMMYFUNCTION("IF(ISERROR(FILTER('Activity map'!$E:$E, ('Activity map'!$A:$A=$A16)*('Activity map'!$F:$F=FALSE))), ""-"", MIN(UNIQUE(FILTER('Activity map'!$E:$E, ('Activity map'!$A:$A=$A16)*('Activity map'!$F:$F=FALSE)))))"),1.0) -> 1 | U16: =IF($N16=0, "-", VLOOKUP($N16, 'List of log slots'!$A:$C, 2, FALSE)) -> Agility arena ticket
A17: 42 | B17: =VLOOKUP($A17, 'Completion rates'!$A:$E, 2, FALSE) -> Looting branda, the fire queen (royal titans) | C17: =IF(Notes!$E$27, VLOOKUP($A17, 'Completion rates'!$A:$E, 4, FALSE), VLOOKUP($A17, 'Completion rates'!$A:$E, 3, FALSE)) -> 60 | D17: =VLOOKUP($A17, 'Completion rates'!$A:$E, 5, FALSE) -> 0 | E17: =IF(SUMIFS('Activity map'!$O:$O, 'Activity map'!$A:$A, A17, 'Activity map'!$H:$H, "=TRUE") = 0, "n/a", 1/SUMIFS('Activity map'!$O:$O, 'Activity map'!$A:$A, A17, 'Activity map'!$H:$H, "=TRUE")) -> 5.7859209 | F17: =IF(OR(ISBLANK(C17), E17 = "n/a"), "", E17/C17 + D17) -> 0.096432015 | G17: =IF(MINIFS('Activity map'!$N:$N, 'Activity map'!$A:$A, A17, 'Activity map'!$H:$H, "=TRUE") = 0, "n/a", MINIFS('Activity map'!$N:$N, 'Activity map'!$A:$A, A17, 'Activity map'!$H:$H, "=TRUE")) -> 1500 | H17: =IF(OR(ISBLANK(C17), G17 = "n/a"), "", G17/C17 + D17) -> 25 | I17: =IF(MINIFS('Activity map'!$M:$M, 'Activity map'!$A:$A, A17, 'Activity map'!$H:$H, "=TRUE") = 0, "n/a", MINIFS('Activity map'!$M:$M, 'Activity map'!$A:$A, A17, 'Activity map'!$H:$H, "=TRUE")) -> n/a | J17: =IF(OR(ISBLANK(C17), I17 = "n/a"), "", I17/C17 + D17) | K17: =IF(MINIFS('Activity map'!$L:$L, 'Activity map'!$A:$A, A17, 'Activity map'!$H:$H, "=TRUE") = 0, "n/a", MINIFS('Activity map'!$L:$L, 'Activity map'!$A:$A, A17, 'Activity map'!$H:$H, "=TRUE")) -> 1 | L17: =IF(OR(ISBLANK(C17), K17 = "n/a"), "", K17/C17 + D17) -> 0.016666667 | M17: =MINIFS('Activity map'!$C:$C, 'Activity map'!$A:$A, $A17, 'Activity map'!$H:$H, "=TRUE", 'Activity map'!$K:$K, MINIFS('Activity map'!$K:$K, 'Activity map'!$A:$A, $A17, 'Activity map'!$H:$H, "=TRUE")) -> 30640 | N17: =MINIFS('Activity map'!$C:$C, 'Activity map'!$A:$A, $A17, 'Activity map'!$H:$H, "=TRUE", 'Activity map'!$E:$E, $T17) -> 30637 | O17: =IF(MIN(F17,H17,J17,L17) = 0, "Done!", MIN(F17,H17,J17,L17) / 24) -> 0.00069444444 | P17: =IF($M17=0, "-", VLOOKUP($M17, 'List of log slots'!$A:$C, 2, FALSE)) -> Desiccated page | Q17: =IFERROR(__xludf.DUMMYFUNCTION("IF(ISERROR(FILTER('Activity map'!$C:$C, ('Activity map'!$A:$A=$A17)*('Activity map'!$F:$F=FALSE))), 0, COUNTA(UNIQUE(FILTER('Activity map'!$C:$C, ('Activity map'!$A:$A=$A17)*('Activity map'!$F:$F=FALSE)))))"),5.0) -> 5 | R17: =IFERROR(__xludf.DUMMYFUNCTION("IF(ISERROR(FILTER('Activity map'!$C:$C, 'Activity map'!$A:$A=$A17)), 0, COUNTA(UNIQUE(FILTER('Activity map'!$C:$C, 'Activity map'!$A:$A=$A17))))"),5.0) -> 5 | S17: =1 - Q17/R17 -> 0 | T17: =IFERROR(__xludf.DUMMYFUNCTION("IF(ISERROR(FILTER('Activity map'!$E:$E, ('Activity map'!$A:$A=$A17)*('Activity map'!$F:$F=FALSE))), ""-"", MIN(UNIQUE(FILTER('Activity map'!$E:$E, ('Activity map'!$A:$A=$A17)*('Activity map'!$F:$F=FALSE)))))"),3.0) -> 3 | U17: =IF($N17=0, "-", VLOOKUP($N17, 'List of log slots'!$A:$C, 2, FALSE)) -> Giantsoul amulet (uncharged)
A18: 43 | B18: =VLOOKUP($A18, 'Completion rates'!$A:$E, 2, FALSE) -> Looting eldric, the ice king (royal titans) | C18: =IF(Notes!$E$27, VLOOKUP($A18, 'Completion rates'!$A:$E, 4, FALSE), VLOOKUP($A18, 'Completion rates'!$A:$E, 3, FALSE)) -> 60 | D18: =VLOOKUP($A18, 'Completion rates'!$A:$E, 5, FALSE) -> 0 | E18: =IF(SUMIFS('Activity map'!$O:$O, 'Activity map'!$A:$A, A18, 'Activity map'!$H:$H, "=TRUE") = 0, "n/a", 1/SUMIFS('Activity map'!$O:$O, 'Activity map'!$A:$A, A18, 'Activity map'!$H:$H, "=TRUE")) -> 5.7859209 | F18: =IF(OR(ISBLANK(C18), E18 = "n/a"), "", E18/C18 + D18) -> 0.096432015 | G18: =IF(MINIFS('Activity map'!$N:$N, 'Activity map'!$A:$A, A18, 'Activity map'!$H:$H, "=TRUE") = 0, "n/a", MINIFS('Activity map'!$N:$N, 'Activity map'!$A:$A, A18, 'Activity map'!$H:$H, "=TRUE")) -> 1500 | H18: =IF(OR(ISBLANK(C18), G18 = "n/a"), "", G18/C18 + D18) -> 25 | I18: =IF(MINIFS('Activity map'!$M:$M, 'Activity map'!$A:$A, A18, 'Activity map'!$H:$H, "=TRUE") = 0, "n/a", MINIFS('Activity map'!$M:$M, 'Activity map'!$A:$A, A18, 'Activity map'!$H:$H, "=TRUE")) -> n/a | J18: =IF(OR(ISBLANK(C18), I18 = "n/a"), "", I18/C18 + D18) | K18: =IF(MINIFS('Activity map'!$L:$L, 'Activity map'!$A:$A, A18, 'Activity map'!$H:$H, "=TRUE") = 0, "n/a", MINIFS('Activity map'!$L:$L, 'Activity map'!$A:$A, A18, 'Activity map'!$H:$H, "=TRUE")) -> 1 | L18: =IF(OR(ISBLANK(C18), K18 = "n/a"), "", K18/C18 + D18) -> 0.016666667 | M18: =MINIFS('Activity map'!$C:$C, 'Activity map'!$A:$A, $A18, 'Activity map'!$H:$H, "=TRUE", 'Activity map'!$K:$K, MINIFS('Activity map'!$K:$K, 'Activity map'!$A:$A, $A18, 'Activity map'!$H:$H, "=TRUE")) -> 30640 | N18: =MINIFS('Activity map'!$C:$C, 'Activity map'!$A:$A, $A18, 'Activity map'!$H:$H, "=TRUE", 'Activity map'!$E:$E, $T18) -> 30637 | O18: =IF(MIN(F18,H18,J18,L18) = 0, "Done!", MIN(F18,H18,J18,L18) / 24) -> 0.00069444444 | P18: =IF($M18=0, "-", VLOOKUP($M18, 'List of log slots'!$A:$C, 2, FALSE)) -> Desiccated page | Q18: =IFERROR(__xludf.DUMMYFUNCTION("IF(ISERROR(FILTER('Activity map'!$C:$C, ('Activity map'!$A:$A=$A18)*('Activity map'!$F:$F=FALSE))), 0, COUNTA(UNIQUE(FILTER('Activity map'!$C:$C, ('Activity map'!$A:$A=$A18)*('Activity map'!$F:$F=FALSE)))))"),5.0) -> 5 | R18: =IFERROR(__xludf.DUMMYFUNCTION("IF(ISERROR(FILTER('Activity map'!$C:$C, 'Activity map'!$A:$A=$A18)), 0, COUNTA(UNIQUE(FILTER('Activity map'!$C:$C, 'Activity map'!$A:$A=$A18))))"),5.0) -> 5 | S18: =1 - Q18/R18 -> 0 | T18: =IFERROR(__xludf.DUMMYFUNCTION("IF(ISERROR(FILTER('Activity map'!$E:$E, ('Activity map'!$A:$A=$A18)*('Activity map'!$F:$F=FALSE))), ""-"", MIN(UNIQUE(FILTER('Activity map'!$E:$E, ('Activity map'!$A:$A=$A18)*('Activity map'!$F:$F=FALSE)))))"),3.0) -> 3 | U18: =IF($N18=0, "-", VLOOKUP($N18, 'List of log slots'!$A:$C, 2, FALSE)) -> Giantsoul amulet (uncharged)
A19: 98 | B19: =VLOOKUP($A19, 'Completion rates'!$A:$E, 2, FALSE) -> Earning pieces of eight (trouble brewing) | C19: =IF(Notes!$E$27, VLOOKUP($A19, 'Completion rates'!$A:$E, 4, FALSE), VLOOKUP($A19, 'Completion rates'!$A:$E, 3, FALSE)) -> 1200 | D19: =VLOOKUP($A19, 'Completion rates'!$A:$E, 5, FALSE) -> 0 | E19: =IF(SUMIFS('Activity map'!$O:$O, 'Activity map'!$A:$A, A19, 'Activity map'!$H:$H, "=TRUE") = 0, "n/a", 1/SUMIFS('Activity map'!$O:$O, 'Activity map'!$A:$A, A19, 'Activity map'!$H:$H, "=TRUE")) -> n/a | F19: =IF(OR(ISBLANK(C19), E19 = "n/a"), "", E19/C19 + D19) | G19: =IF(MINIFS('Activity map'!$N:$N, 'Activity map'!$A:$A, A19, 'Activity map'!$H:$H, "=TRUE") = 0, "n/a", MINIFS('Activity map'!$N:$N, 'Activity map'!$A:$A, A19, 'Activity map'!$H:$H, "=TRUE")) -> n/a | H19: =IF(OR(ISBLANK(C19), G19 = "n/a"), "", G19/C19 + D19) | I19: =IF(MINIFS('Activity map'!$M:$M, 'Activity map'!$A:$A, A19, 'Activity map'!$H:$H, "=TRUE") = 0, "n/a", MINIFS('Activity map'!$M:$M, 'Activity map'!$A:$A, A19, 'Activity map'!$H:$H, "=TRUE")) -> n/a | J19: =IF(OR(ISBLANK(C19), I19 = "n/a"), "", I19/C19 + D19) | K19: =IF(MINIFS('Activity map'!$L:$L, 'Activity map'!$A:$A, A19, 'Activity map'!$H:$H, "=TRUE") = 0, "n/a", MINIFS('Activity map'!$L:$L, 'Activity map'!$A:$A, A19, 'Activity map'!$H:$H, "=TRUE")) -> 20 | L19: =IF(OR(ISBLANK(C19), K19 = "n/a"), "", K19/C19 + D19) -> 0.016666667 | M19: =MINIFS('Activity map'!$C:$C, 'Activity map'!$A:$A, $A19, 'Activity map'!$H:$H, "=TRUE", 'Activity map'!$K:$K, MINIFS('Activity map'!$K:$K, 'Activity map'!$A:$A, $A19, 'Activity map'!$H:$H, "=TRUE")) -> 8940 | N19: =MINIFS('Activity map'!$C:$C, 'Activity map'!$A:$A, $A19, 'Activity map'!$H:$H, "=TRUE", 'Activity map'!$E:$E, $T19) -> 8940 | O19: =IF(MIN(F19,H19,J19,L19) = 0, "Done!", MIN(F19,H19,J19,L19) / 24) -> 0.00069444444 | P19: =IF($M19=0, "-", VLOOKUP($M19, 'List of log slots'!$A:$C, 2, FALSE)) -> Rum | Q19: =IFERROR(__xludf.DUMMYFUNCTION("IF(ISERROR(FILTER('Activity map'!$C:$C, ('Activity map'!$A:$A=$A19)*('Activity map'!$F:$F=FALSE))), 0, COUNTA(UNIQUE(FILTER('Activity map'!$C:$C, ('Activity map'!$A:$A=$A19)*('Activity map'!$F:$F=FALSE)))))"),30.0) -> 30 | R19: =IFERROR(__xludf.DUMMYFUNCTION("IF(ISERROR(FILTER('Activity map'!$C:$C, 'Activity map'!$A:$A=$A19)), 0, COUNTA(UNIQUE(FILTER('Activity map'!$C:$C, 'Activity map'!$A:$A=$A19))))"),30.0) -> 30 | S19: =1 - Q19/R19 -> 0 | T19: =IFERROR(__xludf.DUMMYFUNCTION("IF(ISERROR(FILTER('Activity map'!$E:$E, ('Activity map'!$A:$A=$A19)*('Activity map'!$F:$F=FALSE))), ""-"", MIN(UNIQUE(FILTER('Activity map'!$E:$E, ('Activity map'!$A:$A=$A19)*('Activity map'!$F:$F=FALSE)))))"),2.0) -> 2 | U19: =IF($N19=0, "-", VLOOKUP($N19, 'List of log slots'!$A:$C, 2, FALSE)) -> Rum
A20: 4 | B20: =VLOOKUP($A20, 'Completion rates'!$A:$E, 2, FALSE) -> Killing araxxor (on task) | C20: =IF(Notes!$E$27, VLOOKUP($A20, 'Completion rates'!$A:$E, 4, FALSE), VLOOKUP($A20, 'Completion rates'!$A:$E, 3, FALSE)) -> 45 | D20: =VLOOKUP($A20, 'Completion rates'!$A:$E, 5, FALSE) -> 0 | E20: =IF(SUMIFS('Activity map'!$O:$O, 'Activity map'!$A:$A, A20, 'Activity map'!$H:$H, "=TRUE") = 0, "n/a", 1/SUMIFS('Activity map'!$O:$O, 'Activity map'!$A:$A, A20, 'Activity map'!$H:$H, "=TRUE")) -> 0.82771073 | F20: =IF(OR(ISBLANK(C20), E20 = "n/a"), "", E20/C20 + D20) -> 0.018393572 | G20: =IF(MINIFS('Activity map'!$N:$N, 'Activity map'!$A:$A, A20, 'Activity map'!$H:$H, "=TRUE") = 0, "n/a", MINIFS('Activity map'!$N:$N, 'Activity map'!$A:$A, A20, 'Activity map'!$H:$H, "=TRUE")) -> 1500 | H20: =IF(OR(ISBLANK(C20), G20 = "n/a"), "", G20/C20 + D20) -> 33.333333 | I20: =IF(MINIFS('Activity map'!$M:$M, 'Activity map'!$A:$A, A20, 'Activity map'!$H:$H, "=TRUE") = 0, "n/a", MINIFS('Activity map'!$M:$M, 'Activity map'!$A:$A, A20, 'Activity map'!$H:$H, "=TRUE")) -> n/a | J20: =IF(OR(ISBLANK(C20), I20 = "n/a"), "", I20/C20 + D20) | K20: =IF(MINIFS('Activity map'!$L:$L, 'Activity map'!$A:$A, A20, 'Activity map'!$H:$H, "=TRUE") = 0, "n/a", MINIFS('Activity map'!$L:$L, 'Activity map'!$A:$A, A20, 'Activity map'!$H:$H, "=TRUE")) -> n/a | L20: =IF(OR(ISBLANK(C20), K20 = "n/a"), "", K20/C20 + D20) | M20: =MINIFS('Activity map'!$C:$C, 'Activity map'!$A:$A, $A20, 'Activity map'!$H:$H, "=TRUE", 'Activity map'!$K:$K, MINIFS('Activity map'!$K:$K, 'Activity map'!$A:$A, $A20, 'Activity map'!$H:$H, "=TRUE")) -> 29781 | N20: =MINIFS('Activity map'!$C:$C, 'Activity map'!$A:$A, $A20, 'Activity map'!$H:$H, "=TRUE", 'Activity map'!$E:$E, $T20) -> 1249 | O20: =IF(MIN(F20,H20,J20,L20) = 0, "Done!", MIN(F20,H20,J20,L20) / 24) -> 0.00076639883 | P20: =IF($M20=0, "-", VLOOKUP($M20, 'List of log slots'!$A:$C, 2, FALSE)) -> Coagulated venom | Q20: =IFERROR(__xludf.DUMMYFUNCTION("IF(ISERROR(FILTER('Activity map'!$C:$C, ('Activity map'!$A:$A=$A20)*('Activity map'!$F:$F=FALSE))), 0, COUNTA(UNIQUE(FILTER('Activity map'!$C:$C, ('Activity map'!$A:$A=$A20)*('Activity map'!$F:$F=FALSE)))))"),12.0) -> 12 | R20: =IFERROR(__xludf.DUMMYFUNCTION("IF(ISERROR(FILTER('Activity map'!$C:$C, 'Activity map'!$A:$A=$A20)), 0, COUNTA(UNIQUE(FILTER('Activity map'!$C:$C, 'Activity map'!$A:$A=$A20))))"),12.0) -> 12 | S20: =1 - Q20/R20 -> 0 | T20: =IFERROR(__xludf.DUMMYFUNCTION("IF(ISERROR(FILTER('Activity map'!$E:$E, ('Activity map'!$A:$A=$A20)*('Activity map'!$F:$F=FALSE))), ""-"", MIN(UNIQUE(FILTER('Activity map'!$E:$E, ('Activity map'!$A:$A=$A20)*('Activity map'!$F:$F=FALSE)))))"),5.0) -> 5 | U20: =IF($N20=0, "-", VLOOKUP($N20, 'List of log slots'!$A:$C, 2, FALSE)) -> Dragon spear
A21: 100 | B21: =VLOOKUP($A21, 'Completion rates'!$A:$E, 2, FALSE) -> Earning volcanic mine reward points | C21: =IF(Notes!$E$27, VLOOKUP($A21, 'Completion rates'!$A:$E, 4, FALSE), VLOOKUP($A21, 'Completion rates'!$A:$E, 3, FALSE)) -> 10000 | D21: =VLOOKUP($A21, 'Completion rates'!$A:$E, 5, FALSE) -> 0 | E21: =IF(SUMIFS('Activity map'!$O:$O, 'Activity map'!$A:$A, A21, 'Activity map'!$H:$H, "=TRUE") = 0, "n/a", 1/SUMIFS('Activity map'!$O:$O, 'Activity map'!$A:$A, A21, 'Activity map'!$H:$H, "=TRUE")) -> 400000 | F21: =IF(OR(ISBLANK(C21), E21 = "n/a"), "", E21/C21 + D21) -> 40 | G21: =IF(MINIFS('Activity map'!$N:$N, 'Activity map'!$A:$A, A21, 'Activity map'!$H:$H, "=TRUE") = 0, "n/a", MINIFS('Activity map'!$N:$N, 'Activity map'!$A:$A, A21, 'Activity map'!$H:$H, "=TRUE")) -> n/a | H21: =IF(OR(ISBLANK(C21), G21 = "n/a"), "", G21/C21 + D21) | I21: =IF(MINIFS('Activity map'!$M:$M, 'Activity map'!$A:$A, A21, 'Activity map'!$H:$H, "=TRUE") = 0, "n/a", MINIFS('Activity map'!$M:$M, 'Activity map'!$A:$A, A21, 'Activity map'!$H:$H, "=TRUE")) -> n/a | J21: =IF(OR(ISBLANK(C21), I21 = "n/a"), "", I21/C21 + D21) | K21: =IF(MINIFS('Activity map'!$L:$L, 'Activity map'!$A:$A, A21, 'Activity map'!$H:$H, "=TRUE") = 0, "n/a", MINIFS('Activity map'!$L:$L, 'Activity map'!$A:$A, A21, 'Activity map'!$H:$H, "=TRUE")) -> 200 | L21: =IF(OR(ISBLANK(C21), K21 = "n/a"), "", K21/C21 + D21) -> 0.02 | M21: =MINIFS('Activity map'!$C:$C, 'Activity map'!$A:$A, $A21, 'Activity map'!$H:$H, "=TRUE", 'Activity map'!$K:$K, MINIFS('Activity map'!$K:$K, 'Activity map'!$A:$A, $A21, 'Activity map'!$H:$H, "=TRUE")) -> 21541 | N21: =MINIFS('Activity map'!$C:$C, 'Activity map'!$A:$A, $A21, 'Activity map'!$H:$H, "=TRUE", 'Activity map'!$E:$E, $T21) -> 21541 | O21: =IF(MIN(F21,H21,J21,L21) = 0, "Done!", MIN(F21,H21,J21,L21) / 24) -> 0.00083333333 | P21: =IF($M21=0, "-", VLOOKUP($M21, 'List of log slots'!$A:$C, 2, FALSE)) -> Volcanic mine teleport | Q21: =IFERROR(__xludf.DUMMYFUNCTION("IF(ISERROR(FILTER('Activity map'!$C:$C, ('Activity map'!$A:$A=$A21)*('Activity map'!$F:$F=FALSE))), 0, COUNTA(UNIQUE(FILTER('Activity map'!$C:$C, ('Activity map'!$A:$A=$A21)*('Activity map'!$F:$F=FALSE)))))"),4.0) -> 4 | R21: =IFERROR(__xludf.DUMMYFUNCTION("IF(ISERROR(FILTER('Activity map'!$C:$C, 'Activity map'!$A:$A=$A21)), 0, COUNTA(UNIQUE(FILTER('Activity map'!$C:$C, 'Activity map'!$A:$A=$A21))))"),4.0) -> 4 | S21: =1 - Q21/R21 -> 0 | T21: =IFERROR(__xludf.DUMMYFUNCTION("IF(ISERROR(FILTER('Activity map'!$E:$E, ('Activity map'!$A:$A=$A21)*('Activity map'!$F:$F=FALSE))), ""-"", MIN(UNIQUE(FILTER('Activity map'!$E:$E, ('Activity map'!$A:$A=$A21)*('Activity map'!$F:$F=FALSE)))))"),3.0) -> 3 | U21: =IF($N21=0, "-", VLOOKUP($N21, 'List of log slots'!$A:$C, 2, FALSE)) -> Volcanic mine teleport
A22: 59 | B22: =VLOOKUP($A22, 'Completion rates'!$A:$E, 2, FALSE) -> Killing zulrah | C22: =IF(Notes!$E$27, VLOOKUP($A22, 'Completion rates'!$A:$E, 4, FALSE), VLOOKUP($A22, 'Completion rates'!$A:$E, 3, FALSE)) -> 44 | D22: =VLOOKUP($A22, 'Completion rates'!$A:$E, 5, FALSE) -> 0 | E22: =IF(SUMIFS('Activity map'!$O:$O, 'Activity map'!$A:$A, A22, 'Activity map'!$H:$H, "=TRUE") = 0, "n/a", 1/SUMIFS('Activity map'!$O:$O, 'Activity map'!$A:$A, A22, 'Activity map'!$H:$H, "=TRUE")) -> 9.1995442 | F22: =IF(OR(ISBLANK(C22), E22 = "n/a"), "", E22/C22 + D22) -> 0.20908055 | G22: =IF(MINIFS('Activity map'!$N:$N, 'Activity map'!$A:$A, A22, 'Activity map'!$H:$H, "=TRUE") = 0, "n/a", MINIFS('Activity map'!$N:$N, 'Activity map'!$A:$A, A22, 'Activity map'!$H:$H, "=TRUE")) -> n/a | H22: =IF(OR(ISBLANK(C22), G22 = "n/a"), "", G22/C22 + D22) | I22: =IF(MINIFS('Activity map'!$M:$M, 'Activity map'!$A:$A, A22, 'Activity map'!$H:$H, "=TRUE") = 0, "n/a", MINIFS('Activity map'!$M:$M, 'Activity map'!$A:$A, A22, 'Activity map'!$H:$H, "=TRUE")) -> 1 | J22: =IF(OR(ISBLANK(C22), I22 = "n/a"), "", I22/C22 + D22) -> 0.022727273 | K22: =IF(MINIFS('Activity map'!$L:$L, 'Activity map'!$A:$A, A22, 'Activity map'!$H:$H, "=TRUE") = 0, "n/a", MINIFS('Activity map'!$L:$L, 'Activity map'!$A:$A, A22, 'Activity map'!$H:$H, "=TRUE")) -> n/a | L22: =IF(OR(ISBLANK(C22), K22 = "n/a"), "", K22/C22 + D22) | M22: =MINIFS('Activity map'!$C:$C, 'Activity map'!$A:$A, $A22, 'Activity map'!$H:$H, "=TRUE", 'Activity map'!$K:$K, MINIFS('Activity map'!$K:$K, 'Activity map'!$A:$A, $A22, 'Activity map'!$H:$H, "=TRUE")) -> 12934 | N22: =MINIFS('Activity map'!$C:$C, 'Activity map'!$A:$A, $A22, 'Activity map'!$H:$H, "=TRUE", 'Activity map'!$E:$E, $T22) -> 12934 | O22: =IF(MIN(F22,H22,J22,L22) = 0, "Done!", MIN(F22,H22,J22,L22) / 24) -> 0.0009469697 | P22: =IF($M22=0, "-", VLOOKUP($M22, 'List of log slots'!$A:$C, 2, FALSE)) -> Zulrah's scales | Q22: =IFERROR(__xludf.DUMMYFUNCTION("IF(ISERROR(FILTER('Activity map'!$C:$C, ('Activity map'!$A:$A=$A22)*('Activity map'!$F:$F=FALSE))), 0, COUNTA(UNIQUE(FILTER('Activity map'!$C:$C, ('Activity map'!$A:$A=$A22)*('Activity map'!$F:$F=FALSE)))))"),10.0) -> 10 | R22: =IFERROR(__xludf.DUMMYFUNCTION("IF(ISERROR(FILTER('Activity map'!$C:$C, 'Activity map'!$A:$A=$A22)), 0, COUNTA(UNIQUE(FILTER('Activity map'!$C:$C, 'Activity map'!$A:$A=$A22))))"),10.0) -> 10 | S22: =1 - Q22/R22 -> 0 | T22: =IFERROR(__xludf.DUMMYFUNCTION("IF(ISERROR(FILTER('Activity map'!$E:$E, ('Activity map'!$A:$A=$A22)*('Activity map'!$F:$F=FALSE))), ""-"", MIN(UNIQUE(FILTER('Activity map'!$E:$E, ('Activity map'!$A:$A=$A22)*('Activity map'!$F:$F=FALSE)))))"),4.0) -> 4 | U22: =IF($N22=0, "-", VLOOKUP($N22, 'List of log slots'!$A:$C, 2, FALSE)) -> Zulrah's scales
A23: 75 | B23: =VLOOKUP($A23, 'Completion rates'!$A:$E, 2, FALSE) -> Completing tempor tantrum barracuda trials | C23: =IF(Notes!$E$27, VLOOKUP($A23, 'Completion rates'!$A:$E, 4, FALSE), VLOOKUP($A23, 'Completion rates'!$A:$E, 3, FALSE)) -> 17.5 | D23: =VLOOKUP($A23, 'Completion rates'!$A:$E, 5, FALSE) -> 0 | E23: =IF(SUMIFS('Activity map'!$O:$O, 'Activity map'!$A:$A, A23, 'Activity map'!$H:$H, "=TRUE") = 0, "n/a", 1/SUMIFS('Activity map'!$O:$O, 'Activity map'!$A:$A, A23, 'Activity map'!$H:$H, "=TRUE")) -> 226.41509 | F23: =IF(OR(ISBLANK(C23), E23 = "n/a"), "", E23/C23 + D23) -> 12.938005 | G23: =IF(MINIFS('Activity map'!$N:$N, 'Activity map'!$A:$A, A23, 'Activity map'!$H:$H, "=TRUE") = 0, "n/a", MINIFS('Activity map'!$N:$N, 'Activity map'!$A:$A, A23, 'Activity map'!$H:$H, "=TRUE")) -> n/a | H23: =IF(OR(ISBLANK(C23), G23 = "n/a"), "", G23/C23 + D23) | I23: =IF(MINIFS('Activity map'!$M:$M, 'Activity map'!$A:$A, A23, 'Activity map'!$H:$H, "=TRUE") = 0, "n/a", MINIFS('Activity map'!$M:$M, 'Activity map'!$A:$A, A23, 'Activity map'!$H:$H, "=TRUE")) -> 1 | J23: =IF(OR(ISBLANK(C23), I23 = "n/a"), "", I23/C23 + D23) -> 0.057142857 | K23: =IF(MINIFS('Activity map'!$L:$L, 'Activity map'!$A:$A, A23, 'Activity map'!$H:$H, "=TRUE") = 0, "n/a", MINIFS('Activity map'!$L:$L, 'Activity map'!$A:$A, A23, 'Activity map'!$H:$H, "=TRUE")) -> 0.4 | L23: =IF(OR(ISBLANK(C23), K23 = "n/a"), "", K23/C23 + D23) -> 0.022857143 | M23: =MINIFS('Activity map'!$C:$C, 'Activity map'!$A:$A, $A23, 'Activity map'!$H:$H, "=TRUE", 'Activity map'!$K:$K, MINIFS('Activity map'!$K:$K, 'Activity map'!$A:$A, $A23, 'Activity map'!$H:$H, "=TRUE")) -> 31732 | N23: =MINIFS('Activity map'!$C:$C, 'Activity map'!$A:$A, $A23, 'Activity map'!$H:$H, "=TRUE", 'Activity map'!$E:$E, $T23) -> 31732 | O23: =IF(MIN(F23,H23,J23,L23) = 0, "Done!", MIN(F23,H23,J23,L23) / 24) -> 0.00095238095 | P23: =IF($M23=0, "-", VLOOKUP($M23, 'List of log slots'!$A:$C, 2, FALSE)) -> Stormy key | Q23: =IFERROR(__xludf.DUMMYFUNCTION("IF(ISERROR(FILTER('Activity map'!$C:$C, ('Activity map'!$A:$A=$A23)*('Activity map'!$F:$F=FALSE))), 0, COUNTA(UNIQUE(FILTER('Activity map'!$C:$C, ('Activity map'!$A:$A=$A23)*('Activity map'!$F:$F=FALSE)))))"),5.0) -> 5 | R23: =IFERROR(__xludf.DUMMYFUNCTION("IF(ISERROR(FILTER('Activity map'!$C:$C, 'Activity map'!$A:$A=$A23)), 0, COUNTA(UNIQUE(FILTER('Activity map'!$C:$C, 'Activity map'!$A:$A=$A23))))"),5.0) -> 5 | S23: =1 - Q23/R23 -> 0 | T23: =IFERROR(__xludf.DUMMYFUNCTION("IF(ISERROR(FILTER('Activity map'!$E:$E, ('Activity map'!$A:$A=$A23)*('Activity map'!$F:$F=FALSE))), ""-"", MIN(UNIQUE(FILTER('Activity map'!$E:$E, ('Activity map'!$A:$A=$A23)*('Activity map'!$F:$F=FALSE)))))"),3.0) -> 3 | U23: =IF($N23=0, "-", VLOOKUP($N23, 'List of log slots'!$A:$C, 2, FALSE)) -> Stormy key
A24: 118 | B24: =VLOOKUP($A24, 'Completion rates'!$A:$E, 2, FALSE) -> Killing frogeels (creature creation) | C24: =IF(Notes!$E$27, VLOOKUP($A24, 'Completion rates'!$A:$E, 4, FALSE), VLOOKUP($A24, 'Completion rates'!$A:$E, 3, FALSE)) -> 150 | D24: =VLOOKUP($A24, 'Completion rates'!$A:$E, 5, FALSE) -> 0 | E24: =IF(SUMIFS('Activity map'!$O:$O, 'Activity map'!$A:$A, A24, 'Activity map'!$H:$H, "=TRUE") = 0, "n/a", 1/SUMIFS('Activity map'!$O:$O, 'Activity map'!$A:$A, A24, 'Activity map'!$H:$H, "=TRUE")) -> 3.5 | F24: =IF(OR(ISBLANK(C24), E24 = "n/a"), "", E24/C24 + D24) -> 0.023333333 | G24: =IF(MINIFS('Activity map'!$N:$N, 'Activity map'!$A:$A, A24, 'Activity map'!$H:$H, "=TRUE") = 0, "n/a", MINIFS('Activity map'!$N:$N, 'Activity map'!$A:$A, A24, 'Activity map'!$H:$H, "=TRUE")) -> n/a | H24: =IF(OR(ISBLANK(C24), G24 = "n/a"), "", G24/C24 + D24) | I24: =IF(MINIFS('Activity map'!$M:$M, 'Activity map'!$A:$A, A24, 'Activity map'!$H:$H, "=TRUE") = 0, "n/a", MINIFS('Activity map'!$M:$M, 'Activity map'!$A:$A, A24, 'Activity map'!$H:$H, "=TRUE")) -> n/a | J24: =IF(OR(ISBLANK(C24), I24 = "n/a"), "", I24/C24 + D24) | K24: =IF(MINIFS('Activity map'!$L:$L, 'Activity map'!$A:$A, A24, 'Activity map'!$H:$H, "=TRUE") = 0, "n/a", MINIFS('Activity map'!$L:$L, 'Activity map'!$A:$A, A24, 'Activity map'!$H:$H, "=TRUE")) -> n/a | L24: =IF(OR(ISBLANK(C24), K24 = "n/a"), "", K24/C24 + D24) | M24: =MINIFS('Activity map'!$C:$C, 'Activity map'!$A:$A, $A24, 'Activity map'!$H:$H, "=TRUE", 'Activity map'!$K:$K, MINIFS('Activity map'!$K:$K, 'Activity map'!$A:$A, $A24, 'Activity map'!$H:$H, "=TRUE")) -> 25617 | N24: =MINIFS('Activity map'!$C:$C, 'Activity map'!$A:$A, $A24, 'Activity map'!$H:$H, "=TRUE", 'Activity map'!$E:$E, $T24) -> 25617 | O24: =IF(MIN(F24,H24,J24,L24) = 0, "Done!", MIN(F24,H24,J24,L24) / 24) -> 0.00097222222 | P24: =IF($M24=0, "-", VLOOKUP($M24, 'List of log slots'!$A:$C, 2, FALSE)) -> Tea flask | Q24: =IFERROR(__xludf.DUMMYFUNCTION("IF(ISERROR(FILTER('Activity map'!$C:$C, ('Activity map'!$A:$A=$A24)*('Activity map'!$F:$F=FALSE))), 0, COUNTA(UNIQUE(FILTER('Activity map'!$C:$C, ('Activity map'!$A:$A=$A24)*('Activity map'!$F:$F=FALSE)))))"),2.0) -> 2 | R24: =IFERROR(__xludf.DUMMYFUNCTION("IF(ISERROR(FILTER('Activity map'!$C:$C, 'Activity map'!$A:$A=$A24)), 0, COUNTA(UNIQUE(FILTER('Activity map'!$C:$C, 'Activity map'!$A:$A=$A24))))"),2.0) -> 2 | S24: =1 - Q24/R24 -> 0 | T24: =IFERROR(__xludf.DUMMYFUNCTION("IF(ISERROR(FILTER('Activity map'!$E:$E, ('Activity map'!$A:$A=$A24)*('Activity map'!$F:$F=FALSE))), ""-"", MIN(UNIQUE(FILTER('Activity map'!$E:$E, ('Activity map'!$A:$A=$A24)*('Activity map'!$F:$F=FALSE)))))"),1.0) -> 1 | U24: =IF($N24=0, "-", VLOOKUP($N24, 'List of log slots'!$A:$C, 2, FALSE)) -> Tea flask
A25: 76 | B25: =VLOOKUP($A25, 'Completion rates'!$A:$E, 2, FALSE) -> Completing jubbly jive barracuda trials | C25: =IF(Notes!$E$27, VLOOKUP($A25, 'Completion rates'!$A:$E, 4, FALSE), VLOOKUP($A25, 'Completion rates'!$A:$E, 3, FALSE)) -> 16 | D25: =VLOOKUP($A25, 'Completion rates'!$A:$E, 5, FALSE) -> 0 | E25: =IF(SUMIFS('Activity map'!$O:$O, 'Activity map'!$A:$A, A25, 'Activity map'!$H:$H, "=TRUE") = 0, "n/a", 1/SUMIFS('Activity map'!$O:$O, 'Activity map'!$A:$A, A25, 'Activity map'!$H:$H, "=TRUE")) -> 204.36187 | F25: =IF(OR(ISBLANK(C25), E25 = "n/a"), "", E25/C25 + D25) -> 12.772617 | G25: =IF(MINIFS('Activity map'!$N:$N, 'Activity map'!$A:$A, A25, 'Activity map'!$H:$H, "=TRUE") = 0, "n/a", MINIFS('Activity map'!$N:$N, 'Activity map'!$A:$A, A25, 'Activity map'!$H:$H, "=TRUE")) -> n/a | H25: =IF(OR(ISBLANK(C25), G25 = "n/a"), "", G25/C25 + D25) | I25: =IF(MINIFS('Activity map'!$M:$M, 'Activity map'!$A:$A, A25, 'Activity map'!$H:$H, "=TRUE") = 0, "n/a", MINIFS('Activity map'!$M:$M, 'Activity map'!$A:$A, A25, 'Activity map'!$H:$H, "=TRUE")) -> 1 | J25: =IF(OR(ISBLANK(C25), I25 = "n/a"), "", I25/C25 + D25) -> 0.0625 | K25: =IF(MINIFS('Activity map'!$L:$L, 'Activity map'!$A:$A, A25, 'Activity map'!$H:$H, "=TRUE") = 0, "n/a", MINIFS('Activity map'!$L:$L, 'Activity map'!$A:$A, A25, 'Activity map'!$H:$H, "=TRUE")) -> 0.383 | L25: =IF(OR(ISBLANK(C25), K25 = "n/a"), "", K25/C25 + D25) -> 0.0239375 | M25: =MINIFS('Activity map'!$C:$C, 'Activity map'!$A:$A, $A25, 'Activity map'!$H:$H, "=TRUE", 'Activity map'!$K:$K, MINIFS('Activity map'!$K:$K, 'Activity map'!$A:$A, $A25, 'Activity map'!$H:$H, "=TRUE")) -> 31744 | N25: =MINIFS('Activity map'!$C:$C, 'Activity map'!$A:$A, $A25, 'Activity map'!$H:$H, "=TRUE", 'Activity map'!$E:$E, $T25) -> 31744 | O25: =IF(MIN(F25,H25,J25,L25) = 0, "Done!", MIN(F25,H25,J25,L25) / 24) -> 0.00099739583 | P25: =IF($M25=0, "-", VLOOKUP($M25, 'List of log slots'!$A:$C, 2, FALSE)) -> Fetid key | Q25: =IFERROR(__xludf.DUMMYFUNCTION("IF(ISERROR(FILTER('Activity map'!$C:$C, ('Activity map'!$A:$A=$A25)*('Activity map'!$F:$F=FALSE))), 0, COUNTA(UNIQUE(FILTER('Activity map'!$C:$C, ('Activity map'!$A:$A=$A25)*('Activity map'!$F:$F=FALSE)))))"),5.0) -> 5 | R25: =IFERROR(__xludf.DUMMYFUNCTION("IF(ISERROR(FILTER('Activity map'!$C:$C, 'Activity map'!$A:$A=$A25)), 0, COUNTA(UNIQUE(FILTER('Activity map'!$C:$C, 'Activity map'!$A:$A=$A25))))"),5.0) -> 5 | S25: =1 - Q25/R25 -> 0 | T25: =IFERROR(__xludf.DUMMYFUNCTION("IF(ISERROR(FILTER('Activity map'!$E:$E, ('Activity map'!$A:$A=$A25)*('Activity map'!$F:$F=FALSE))), ""-"", MIN(UNIQUE(FILTER('Activity map'!$E:$E, ('Activity map'!$A:$A=$A25)*('Activity map'!$F:$F=FALSE)))))"),4.0) -> 4 | U25: =IF($N25=0, "-", VLOOKUP($N25, 'List of log slots'!$A:$C, 2, FALSE)) -> Fetid key
A26: 24 | B26: =VLOOKUP($A26, 'Completion rates'!$A:$E, 2, FALSE) -> Killing grotesque guardians (on task) | C26: =IF(Notes!$E$27, VLOOKUP($A26, 'Completion rates'!$A:$E, 4, FALSE), VLOOKUP($A26, 'Completion rates'!$A:$E, 3, FALSE)) -> 37 | D26: =VLOOKUP($A26, 'Completion rates'!$A:$E, 5, FALSE) -> 0 | E26: =IF(SUMIFS('Activity map'!$O:$O, 'Activity map'!$A:$A, A26, 'Activity map'!$H:$H, "=TRUE") = 0, "n/a", 1/SUMIFS('Activity map'!$O:$O, 'Activity map'!$A:$A, A26, 'Activity map'!$H:$H, "=TRUE")) -> 27.85059 | F26: =IF(OR(ISBLANK(C26), E26 = "n/a"), "", E26/C26 + D26) -> 0.75271864 | G26: =IF(MINIFS('Activity map'!$N:$N, 'Activity map'!$A:$A, A26, 'Activity map'!$H:$H, "=TRUE") = 0, "n/a", MINIFS('Activity map'!$N:$N, 'Activity map'!$A:$A, A26, 'Activity map'!$H:$H, "=TRUE")) -> n/a | H26: =IF(OR(ISBLANK(C26), G26 = "n/a"), "", G26/C26 + D26) | I26: =IF(MINIFS('Activity map'!$M:$M, 'Activity map'!$A:$A, A26, 'Activity map'!$H:$H, "=TRUE") = 0, "n/a", MINIFS('Activity map'!$M:$M, 'Activity map'!$A:$A, A26, 'Activity map'!$H:$H, "=TRUE")) -> 1 | J26: =IF(OR(ISBLANK(C26), I26 = "n/a"), "", I26/C26 + D26) -> 0.027027027 | K26: =IF(MINIFS('Activity map'!$L:$L, 'Activity map'!$A:$A, A26, 'Activity map'!$H:$H, "=TRUE") = 0, "n/a", MINIFS('Activity map'!$L:$L, 'Activity map'!$A:$A, A26, 'Activity map'!$H:$H, "=TRUE")) -> n/a | L26: =IF(OR(ISBLANK(C26), K26 = "n/a"), "", K26/C26 + D26) | M26: =MINIFS('Activity map'!$C:$C, 'Activity map'!$A:$A, $A26, 'Activity map'!$H:$H, "=TRUE", 'Activity map'!$K:$K, MINIFS('Activity map'!$K:$K, 'Activity map'!$A:$A, $A26, 'Activity map'!$H:$H, "=TRUE")) -> 21726 | N26: =MINIFS('Activity map'!$C:$C, 'Activity map'!$A:$A, $A26, 'Activity map'!$H:$H, "=TRUE", 'Activity map'!$E:$E, $T26) -> 4129 | O26: =IF(MIN(F26,H26,J26,L26) = 0, "Done!", MIN(F26,H26,J26,L26) / 24) -> 0.0011261261 | P26: =IF($M26=0, "-", VLOOKUP($M26, 'List of log slots'!$A:$C, 2, FALSE)) -> Granite dust | Q26: =IFERROR(__xludf.DUMMYFUNCTION("IF(ISERROR(FILTER('Activity map'!$C:$C, ('Activity map'!$A:$A=$A26)*('Activity map'!$F:$F=FALSE))), 0, COUNTA(UNIQUE(FILTER('Activity map'!$C:$C, ('Activity map'!$A:$A=$A26)*('Activity map'!$F:$F=FALSE)))))"),9.0) -> 9 | R26: =IFERROR(__xludf.DUMMYFUNCTION("IF(ISERROR(FILTER('Activity map'!$C:$C, 'Activity map'!$A:$A=$A26)), 0, COUNTA(UNIQUE(FILTER('Activity map'!$C:$C, 'Activity map'!$A:$A=$A26))))"),9.0) -> 9 | S26: =1 - Q26/R26 -> 0 | T26: =IFERROR(__xludf.DUMMYFUNCTION("IF(ISERROR(FILTER('Activity map'!$E:$E, ('Activity map'!$A:$A=$A26)*('Activity map'!$F:$F=FALSE))), ""-"", MIN(UNIQUE(FILTER('Activity map'!$E:$E, ('Activity map'!$A:$A=$A26)*('Activity map'!$F:$F=FALSE)))))"),4.0) -> 4 | U26: =IF($N26=0, "-", VLOOKUP($N26, 'List of log slots'!$A:$C, 2, FALSE)) -> Adamant boots
A27: 77 | B27: =VLOOKUP($A27, 'Completion rates'!$A:$E, 2, FALSE) -> Completing gwenith glide barracuda trials | C27: =IF(Notes!$E$27, VLOOKUP($A27, 'Completion rates'!$A:$E, 4, FALSE), VLOOKUP($A27, 'Completion rates'!$A:$E, 3, FALSE)) -> 12 | D27: =VLOOKUP($A27, 'Completion rates'!$A:$E, 5, FALSE) -> 0 | E27: =IF(SUMIFS('Activity map'!$O:$O, 'Activity map'!$A:$A, A27, 'Activity map'!$H:$H, "=TRUE") = 0, "n/a", 1/SUMIFS('Activity map'!$O:$O, 'Activity map'!$A:$A, A27, 'Activity map'!$H:$H, "=TRUE")) -> 339.62264 | F27: =IF(OR(ISBLANK(C27), E27 = "n/a"), "", E27/C27 + D27) -> 28.301887 | G27: =IF(MINIFS('Activity map'!$N:$N, 'Activity map'!$A:$A, A27, 'Activity map'!$H:$H, "=TRUE") = 0, "n/a", MINIFS('Activity map'!$N:$N, 'Activity map'!$A:$A, A27, 'Activity map'!$H:$H, "=TRUE")) -> n/a | H27: =IF(OR(ISBLANK(C27), G27 = "n/a"), "", G27/C27 + D27) | I27: =IF(MINIFS('Activity map'!$M:$M, 'Activity map'!$A:$A, A27, 'Activity map'!$H:$H, "=TRUE") = 0, "n/a", MINIFS('Activity map'!$M:$M, 'Activity map'!$A:$A, A27, 'Activity map'!$H:$H, "=TRUE")) -> 1 | J27: =IF(OR(ISBLANK(C27), I27 = "n/a"), "", I27/C27 + D27) -> 0.083333333 | K27: =IF(MINIFS('Activity map'!$L:$L, 'Activity map'!$A:$A, A27, 'Activity map'!$H:$H, "=TRUE") = 0, "n/a", MINIFS('Activity map'!$L:$L, 'Activity map'!$A:$A, A27, 'Activity map'!$H:$H, "=TRUE")) -> 0.325 | L27: =IF(OR(ISBLANK(C27), K27 = "n/a"), "", K27/C27 + D27) -> 0.027083333 | M27: =MINIFS('Activity map'!$C:$C, 'Activity map'!$A:$A, $A27, 'Activity map'!$H:$H, "=TRUE", 'Activity map'!$K:$K, MINIFS('Activity map'!$K:$K, 'Activity map'!$A:$A, $A27, 'Activity map'!$H:$H, "=TRUE")) -> 31756 | N27: =MINIFS('Activity map'!$C:$C, 'Activity map'!$A:$A, $A27, 'Activity map'!$H:$H, "=TRUE", 'Activity map'!$E:$E, $T27) -> 31756 | O27: =IF(MIN(F27,H27,J27,L27) = 0, "Done!", MIN(F27,H27,J27,L27) / 24) -> 0.0011284722 | P27: =IF($M27=0, "-", VLOOKUP($M27, 'List of log slots'!$A:$C, 2, FALSE)) -> Serrated key | Q27: =IFERROR(__xludf.DUMMYFUNCTION("IF(ISERROR(FILTER('Activity map'!$C:$C, ('Activity map'!$A:$A=$A27)*('Activity map'!$F:$F=FALSE))), 0, COUNTA(UNIQUE(FILTER('Activity map'!$C:$C, ('Activity map'!$A:$A=$A27)*('Activity map'!$F:$F=FALSE)))))"),5.0) -> 5 | R27: =IFERROR(__xludf.DUMMYFUNCTION("IF(ISERROR(FILTER('Activity map'!$C:$C, 'Activity map'!$A:$A=$A27)), 0, COUNTA(UNIQUE(FILTER('Activity map'!$C:$C, 'Activity map'!$A:$A=$A27))))"),5.0) -> 5 | S27: =1 - Q27/R27 -> 0 | T27: =IFERROR(__xludf.DUMMYFUNCTION("IF(ISERROR(FILTER('Activity map'!$E:$E, ('Activity map'!$A:$A=$A27)*('Activity map'!$F:$F=FALSE))), ""-"", MIN(UNIQUE(FILTER('Activity map'!$E:$E, ('Activity map'!$A:$A=$A27)*('Activity map'!$F:$F=FALSE)))))"),5.0) -> 5 | U27: =IF($N27=0, "-", VLOOKUP($N27, 'List of log slots'!$A:$C, 2, FALSE)) -> Serrated key
A28: 119 | B28: =VLOOKUP($A28, 'Completion rates'!$A:$E, 2, FALSE) -> Killing unicows (creature creation) | C28: =IF(Notes!$E$27, VLOOKUP($A28, 'Completion rates'!$A:$E, 4, FALSE), VLOOKUP($A28, 'Completion rates'!$A:$E, 3, FALSE)) -> 150 | D28: =VLOOKUP($A28, 'Completion rates'!$A:$E, 5, FALSE) -> 0 | E28: =IF(SUMIFS('Activity map'!$O:$O, 'Activity map'!$A:$A, A28, 'Activity map'!$H:$H, "=TRUE") = 0, "n/a", 1/SUMIFS('Activity map'!$O:$O, 'Activity map'!$A:$A, A28, 'Activity map'!$H:$H, "=TRUE")) -> 4.1176471 | F28: =IF(OR(ISBLANK(C28), E28 = "n/a"), "", E28/C28 + D28) -> 0.02745098 | G28: =IF(MINIFS('Activity map'!$N:$N, 'Activity map'!$A:$A, A28, 'Activity map'!$H:$H, "=TRUE") = 0, "n/a", MINIFS('Activity map'!$N:$N, 'Activity map'!$A:$A, A28, 'Activity map'!$H:$H, "=TRUE")) -> n/a | H28: =IF(OR(ISBLANK(C28), G28 = "n/a"), "", G28/C28 + D28) | I28: =IF(MINIFS('Activity map'!$M:$M, 'Activity map'!$A:$A, A28, 'Activity map'!$H:$H, "=TRUE") = 0, "n/a", MINIFS('Activity map'!$M:$M, 'Activity map'!$A:$A, A28, 'Activity map'!$H:$H, "=TRUE")) -> n/a | J28: =IF(OR(ISBLANK(C28), I28 = "n/a"), "", I28/C28 + D28) | K28: =IF(MINIFS('Activity map'!$L:$L, 'Activity map'!$A:$A, A28, 'Activity map'!$H:$H, "=TRUE") = 0, "n/a", MINIFS('Activity map'!$L:$L, 'Activity map'!$A:$A, A28, 'Activity map'!$H:$H, "=TRUE")) -> n/a | L28: =IF(OR(ISBLANK(C28), K28 = "n/a"), "", K28/C28 + D28) | M28: =MINIFS('Activity map'!$C:$C, 'Activity map'!$A:$A, $A28, 'Activity map'!$H:$H, "=TRUE", 'Activity map'!$K:$K, MINIFS('Activity map'!$K:$K, 'Activity map'!$A:$A, $A28, 'Activity map'!$H:$H, "=TRUE")) -> 25619 | N28: =MINIFS('Activity map'!$C:$C, 'Activity map'!$A:$A, $A28, 'Activity map'!$H:$H, "=TRUE", 'Activity map'!$E:$E, $T28) -> 25617 | O28: =IF(MIN(F28,H28,J28,L28) = 0, "Done!", MIN(F28,H28,J28,L28) / 24) -> 0.0011437909 | P28: =IF($M28=0, "-", VLOOKUP($M28, 'List of log slots'!$A:$C, 2, FALSE)) -> Green satchel | Q28: =IFERROR(__xludf.DUMMYFUNCTION("IF(ISERROR(FILTER('Activity map'!$C:$C, ('Activity map'!$A:$A=$A28)*('Activity map'!$F:$F=FALSE))), 0, COUNTA(UNIQUE(FILTER('Activity map'!$C:$C, ('Activity map'!$A:$A=$A28)*('Activity map'!$F:$F=FALSE)))))"),2.0) -> 2 | R28: =IFERROR(__xludf.DUMMYFUNCTION("IF(ISERROR(FILTER('Activity map'!$C:$C, 'Activity map'!$A:$A=$A28)), 0, COUNTA(UNIQUE(FILTER('Activity map'!$C:$C, 'Activity map'!$A:$A=$A28))))"),2.0) -> 2 | S28: =1 - Q28/R28 -> 0 | T28: =IFERROR(__xludf.DUMMYFUNCTION("IF(ISERROR(FILTER('Activity map'!$E:$E, ('Activity map'!$A:$A=$A28)*('Activity map'!$F:$F=FALSE))), ""-"", MIN(UNIQUE(FILTER('Activity map'!$E:$E, ('Activity map'!$A:$A=$A28)*('Activity map'!$F:$F=FALSE)))))"),1.0) -> 1 | U28: =IF($N28=0, "-", VLOOKUP($N28, 'List of log slots'!$A:$C, 2, FALSE)) -> Tea flask
A29: 120 | B29: =VLOOKUP($A29, 'Completion rates'!$A:$E, 2, FALSE) -> Killing spidines (creature creation) | C29: =IF(Notes!$E$27, VLOOKUP($A29, 'Completion rates'!$A:$E, 4, FALSE), VLOOKUP($A29, 'Completion rates'!$A:$E, 3, FALSE)) -> 150 | D29: =VLOOKUP($A29, 'Completion rates'!$A:$E, 5, FALSE) -> 0 | E29: =IF(SUMIFS('Activity map'!$O:$O, 'Activity map'!$A:$A, A29, 'Activity map'!$H:$H, "=TRUE") = 0, "n/a", 1/SUMIFS('Activity map'!$O:$O, 'Activity map'!$A:$A, A29, 'Activity map'!$H:$H, "=TRUE")) -> 4.1176471 | F29: =IF(OR(ISBLANK(C29), E29 = "n/a"), "", E29/C29 + D29) -> 0.02745098 | G29: =IF(MINIFS('Activity map'!$N:$N, 'Activity map'!$A:$A, A29, 'Activity map'!$H:$H, "=TRUE") = 0, "n/a", MINIFS('Activity map'!$N:$N, 'Activity map'!$A:$A, A29, 'Activity map'!$H:$H, "=TRUE")) -> n/a | H29: =IF(OR(ISBLANK(C29), G29 = "n/a"), "", G29/C29 + D29) | I29: =IF(MINIFS('Activity map'!$M:$M, 'Activity map'!$A:$A, A29, 'Activity map'!$H:$H, "=TRUE") = 0, "n/a", MINIFS('Activity map'!$M:$M, 'Activity map'!$A:$A, A29, 'Activity map'!$H:$H, "=TRUE")) -> n/a | J29: =IF(OR(ISBLANK(C29), I29 = "n/a"), "", I29/C29 + D29) | K29: =IF(MINIFS('Activity map'!$L:$L, 'Activity map'!$A:$A, A29, 'Activity map'!$H:$H, "=TRUE") = 0, "n/a", MINIFS('Activity map'!$L:$L, 'Activity map'!$A:$A, A29, 'Activity map'!$H:$H, "=TRUE")) -> n/a | L29: =IF(OR(ISBLANK(C29), K29 = "n/a"), "", K29/C29 + D29) | M29: =MINIFS('Activity map'!$C:$C, 'Activity map'!$A:$A, $A29, 'Activity map'!$H:$H, "=TRUE", 'Activity map'!$K:$K, MINIFS('Activity map'!$K:$K, 'Activity map'!$A:$A, $A29, 'Activity map'!$H:$H, "=TRUE")) -> 25620 | N29: =MINIFS('Activity map'!$C:$C, 'Activity map'!$A:$A, $A29, 'Activity map'!$H:$H, "=TRUE", 'Activity map'!$E:$E, $T29) -> 25617 | O29: =IF(MIN(F29,H29,J29,L29) = 0, "Done!", MIN(F29,H29,J29,L29) / 24) -> 0.0011437909 | P29: =IF($M29=0, "-", VLOOKUP($M29, 'List of log slots'!$A:$C, 2, FALSE)) -> Red satchel | Q29: =IFERROR(__xludf.DUMMYFUNCTION("IF(ISERROR(FILTER('Activity map'!$C:$C, ('Activity map'!$A:$A=$A29)*('Activity map'!$F:$F=FALSE))), 0, COUNTA(UNIQUE(FILTER('Activity map'!$C:$C, ('Activity map'!$A:$A=$A29)*('Activity map'!$F:$F=FALSE)))))"),2.0) -> 2 | R29: =IFERROR(__xludf.DUMMYFUNCTION("IF(ISERROR(FILTER('Activity map'!$C:$C, 'Activity map'!$A:$A=$A29)), 0, COUNTA(UNIQUE(FILTER('Activity map'!$C:$C, 'Activity map'!$A:$A=$A29))))"),2.0) -> 2 | S29: =1 - Q29/R29 -> 0 | T29: =IFERROR(__xludf.DUMMYFUNCTION("IF(ISERROR(FILTER('Activity map'!$E:$E, ('Activity map'!$A:$A=$A29)*('Activity map'!$F:$F=FALSE))), ""-"", MIN(UNIQUE(FILTER('Activity map'!$E:$E, ('Activity map'!$A:$A=$A29)*('Activity map'!$F:$F=FALSE)))))"),1.0) -> 1 | U29: =IF($N29=0, "-", VLOOKUP($N29, 'List of log slots'!$A:$C, 2, FALSE)) -> Tea flask
A30: 121 | B30: =VLOOKUP($A30, 'Completion rates'!$A:$E, 2, FALSE) -> Killing swordchicks (creature creation) | C30: =IF(Notes!$E$27, VLOOKUP($A30, 'Completion rates'!$A:$E, 4, FALSE), VLOOKUP($A30, 'Completion rates'!$A:$E, 3, FALSE)) -> 150 | D30: =VLOOKUP($A30, 'Completion rates'!$A:$E, 5, FALSE) -> 0 | E30: =IF(SUMIFS('Activity map'!$O:$O, 'Activity map'!$A:$A, A30, 'Activity map'!$H:$H, "=TRUE") = 0, "n/a", 1/SUMIFS('Activity map'!$O:$O, 'Activity map'!$A:$A, A30, 'Activity map'!$H:$H, "=TRUE")) -> 4.1176471 | F30: =IF(OR(ISBLANK(C30), E30 = "n/a"), "", E30/C30 + D30) -> 0.02745098 | G30: =IF(MINIFS('Activity map'!$N:$N, 'Activity map'!$A:$A, A30, 'Activity map'!$H:$H, "=TRUE") = 0, "n/a", MINIFS('Activity map'!$N:$N, 'Activity map'!$A:$A, A30, 'Activity map'!$H:$H, "=TRUE")) -> n/a | H30: =IF(OR(ISBLANK(C30), G30 = "n/a"), "", G30/C30 + D30) | I30: =IF(MINIFS('Activity map'!$M:$M, 'Activity map'!$A:$A, A30, 'Activity map'!$H:$H, "=TRUE") = 0, "n/a", MINIFS('Activity map'!$M:$M, 'Activity map'!$A:$A, A30, 'Activity map'!$H:$H, "=TRUE")) -> n/a | J30: =IF(OR(ISBLANK(C30), I30 = "n/a"), "", I30/C30 + D30) | K30: =IF(MINIFS('Activity map'!$L:$L, 'Activity map'!$A:$A, A30, 'Activity map'!$H:$H, "=TRUE") = 0, "n/a", MINIFS('Activity map'!$L:$L, 'Activity map'!$A:$A, A30, 'Activity map'!$H:$H, "=TRUE")) -> n/a | L30: =IF(OR(ISBLANK(C30), K30 = "n/a"), "", K30/C30 + D30) | M30: =MINIFS('Activity map'!$C:$C, 'Activity map'!$A:$A, $A30, 'Activity map'!$H:$H, "=TRUE", 'Activity map'!$K:$K, MINIFS('Activity map'!$K:$K, 'Activity map'!$A:$A, $A30, 'Activity map'!$H:$H, "=TRUE")) -> 25621 | N30: =MINIFS('Activity map'!$C:$C, 'Activity map'!$A:$A, $A30, 'Activity map'!$H:$H, "=TRUE", 'Activity map'!$E:$E, $T30) -> 25617 | O30: =IF(MIN(F30,H30,J30,L30) = 0, "Done!", MIN(F30,H30,J30,L30) / 24) -> 0.0011437909 | P30: =IF($M30=0, "-", VLOOKUP($M30, 'List of log slots'!$A:$C, 2, FALSE)) -> Black satchel | Q30: =IFERROR(__xludf.DUMMYFUNCTION("IF(ISERROR(FILTER('Activity map'!$C:$C, ('Activity map'!$A:$A=$A30)*('Activity map'!$F:$F=FALSE))), 0, COUNTA(UNIQUE(FILTER('Activity map'!$C:$C, ('Activity map'!$A:$A=$A30)*('Activity map'!$F:$F=FALSE)))))"),2.0) -> 2 | R30: =IFERROR(__xludf.DUMMYFUNCTION("IF(ISERROR(FILTER('Activity map'!$C:$C, 'Activity map'!$A:$A=$A30)), 0, COUNTA(UNIQUE(FILTER('Activity map'!$C:$C, 'Activity map'!$A:$A=$A30))))"),2.0) -> 2 | S30: =1 - Q30/R30 -> 0 | T30: =IFERROR(__xludf.DUMMYFUNCTION("IF(ISERROR(FILTER('Activity map'!$E:$E, ('Activity map'!$A:$A=$A30)*('Activity map'!$F:$F=FALSE))), ""-"", MIN(UNIQUE(FILTER('Activity map'!$E:$E, ('Activity map'!$A:$A=$A30)*('Activity map'!$F:$F=FALSE)))))"),1.0) -> 1 | U30: =IF($N30=0, "-", VLOOKUP($N30, 'List of log slots'!$A:$C, 2, FALSE)) -> Tea flask
A31: 122 | B31: =VLOOKUP($A31, 'Completion rates'!$A:$E, 2, FALSE) -> Killing jubsters (creature creation) | C31: =IF(Notes!$E$27, VLOOKUP($A31, 'Completion rates'!$A:$E, 4, FALSE), VLOOKUP($A31, 'Completion rates'!$A:$E, 3, FALSE)) -> 150 | D31: =VLOOKUP($A31, 'Completion rates'!$A:$E, 5, FALSE) -> 0 | E31: =IF(SUMIFS('Activity map'!$O:$O, 'Activity map'!$A:$A, A31, 'Activity map'!$H:$H, "=TRUE") = 0, "n/a", 1/SUMIFS('Activity map'!$O:$O, 'Activity map'!$A:$A, A31, 'Activity map'!$H:$H, "=TRUE")) -> 4.1176471 | F31: =IF(OR(ISBLANK(C31), E31 = "n/a"), "", E31/C31 + D31) -> 0.02745098 | G31: =IF(MINIFS('Activity map'!$N:$N, 'Activity map'!$A:$A, A31, 'Activity map'!$H:$H, "=TRUE") = 0, "n/a", MINIFS('Activity map'!$N:$N, 'Activity map'!$A:$A, A31, 'Activity map'!$H:$H, "=TRUE")) -> n/a | H31: =IF(OR(ISBLANK(C31), G31 = "n/a"), "", G31/C31 + D31) | I31: =IF(MINIFS('Activity map'!$M:$M, 'Activity map'!$A:$A, A31, 'Activity map'!$H:$H, "=TRUE") = 0, "n/a", MINIFS('Activity map'!$M:$M, 'Activity map'!$A:$A, A31, 'Activity map'!$H:$H, "=TRUE")) -> n/a | J31: =IF(OR(ISBLANK(C31), I31 = "n/a"), "", I31/C31 + D31) | K31: =IF(MINIFS('Activity map'!$L:$L, 'Activity map'!$A:$A, A31, 'Activity map'!$H:$H, "=TRUE") = 0, "n/a", MINIFS('Activity map'!$L:$L, 'Activity map'!$A:$A, A31, 'Activity map'!$H:$H, "=TRUE")) -> n/a | L31: =IF(OR(ISBLANK(C31), K31 = "n/a"), "", K31/C31 + D31) | M31: =MINIFS('Activity map'!$C:$C, 'Activity map'!$A:$A, $A31, 'Activity map'!$H:$H, "=TRUE", 'Activity map'!$K:$K, MINIFS('Activity map'!$K:$K, 'Activity map'!$A:$A, $A31, 'Activity map'!$H:$H, "=TRUE")) -> 25622 | N31: =MINIFS('Activity map'!$C:$C, 'Activity map'!$A:$A, $A31, 'Activity map'!$H:$H, "=TRUE", 'Activity map'!$E:$E, $T31) -> 25617 | O31: =IF(MIN(F31,H31,J31,L31) = 0, "Done!", MIN(F31,H31,J31,L31) / 24) -> 0.0011437909 | P31: =IF($M31=0, "-", VLOOKUP($M31, 'List of log slots'!$A:$C, 2, FALSE)) -> Gold satchel | Q31: =IFERROR(__xludf.DUMMYFUNCTION("IF(ISERROR(FILTER('Activity map'!$C:$C, ('Activity map'!$A:$A=$A31)*('Activity map'!$F:$F=FALSE))), 0, COUNTA(UNIQUE(FILTER('Activity map'!$C:$C, ('Activity map'!$A:$A=$A31)*('Activity map'!$F:$F=FALSE)))))"),2.0) -> 2 | R31: =IFERROR(__xludf.DUMMYFUNCTION("IF(ISERROR(FILTER('Activity map'!$C:$C, 'Activity map'!$A:$A=$A31)), 0, COUNTA(UNIQUE(FILTER('Activity map'!$C:$C, 'Activity map'!$A:$A=$A31))))"),2.0) -> 2 | S31: =1 - Q31/R31 -> 0 | T31: =IFERROR(__xludf.DUMMYFUNCTION("IF(ISERROR(FILTER('Activity map'!$E:$E, ('Activity map'!$A:$A=$A31)*('Activity map'!$F:$F=FALSE))), ""-"", MIN(UNIQUE(FILTER('Activity map'!$E:$E, ('Activity map'!$A:$A=$A31)*('Activity map'!$F:$F=FALSE)))))"),1.0) -> 1 | U31: =IF($N31=0, "-", VLOOKUP($N31, 'List of log slots'!$A:$C, 2, FALSE)) -> Tea flask
A32: 123 | B32: =VLOOKUP($A32, 'Completion rates'!$A:$E, 2, FALSE) -> Killing newtroosts (creature creation) | C32: =IF(Notes!$E$27, VLOOKUP($A32, 'Completion rates'!$A:$E, 4, FALSE), VLOOKUP($A32, 'Completion rates'!$A:$E, 3, FALSE)) -> 150 | D32: =VLOOKUP($A32, 'Completion rates'!$A:$E, 5, FALSE) -> 0 | E32: =IF(SUMIFS('Activity map'!$O:$O, 'Activity map'!$A:$A, A32, 'Activity map'!$H:$H, "=TRUE") = 0, "n/a", 1/SUMIFS('Activity map'!$O:$O, 'Activity map'!$A:$A, A32, 'Activity map'!$H:$H, "=TRUE")) -> 4.1176471 | F32: =IF(OR(ISBLANK(C32), E32 = "n/a"), "", E32/C32 + D32) -> 0.02745098 | G32: =IF(MINIFS('Activity map'!$N:$N, 'Activity map'!$A:$A, A32, 'Activity map'!$H:$H, "=TRUE") = 0, "n/a", MINIFS('Activity map'!$N:$N, 'Activity map'!$A:$A, A32, 'Activity map'!$H:$H, "=TRUE")) -> n/a | H32: =IF(OR(ISBLANK(C32), G32 = "n/a"), "", G32/C32 + D32) | I32: =IF(MINIFS('Activity map'!$M:$M, 'Activity map'!$A:$A, A32, 'Activity map'!$H:$H, "=TRUE") = 0, "n/a", MINIFS('Activity map'!$M:$M, 'Activity map'!$A:$A, A32, 'Activity map'!$H:$H, "=TRUE")) -> n/a | J32: =IF(OR(ISBLANK(C32), I32 = "n/a"), "", I32/C32 + D32) | K32: =IF(MINIFS('Activity map'!$L:$L, 'Activity map'!$A:$A, A32, 'Activity map'!$H:$H, "=TRUE") = 0, "n/a", MINIFS('Activity map'!$L:$L, 'Activity map'!$A:$A, A32, 'Activity map'!$H:$H, "=TRUE")) -> n/a | L32: =IF(OR(ISBLANK(C32), K32 = "n/a"), "", K32/C32 + D32) | M32: =MINIFS('Activity map'!$C:$C, 'Activity map'!$A:$A, $A32, 'Activity map'!$H:$H, "=TRUE", 'Activity map'!$K:$K, MINIFS('Activity map'!$K:$K, 'Activity map'!$A:$A, $A32, 'Activity map'!$H:$H, "=TRUE")) -> 25623 | N32: =MINIFS('Activity map'!$C:$C, 'Activity map'!$A:$A, $A32, 'Activity map'!$H:$H, "=TRUE", 'Activity map'!$E:$E, $T32) -> 25617 | O32: =IF(MIN(F32,H32,J32,L32) = 0, "Done!", MIN(F32,H32,J32,L32) / 24) -> 0.0011437909 | P32: =IF($M32=0, "-", VLOOKUP($M32, 'List of log slots'!$A:$C, 2, FALSE)) -> Rune satchel | Q32: =IFERROR(__xludf.DUMMYFUNCTION("IF(ISERROR(FILTER('Activity map'!$C:$C, ('Activity map'!$A:$A=$A32)*('Activity map'!$F:$F=FALSE))), 0, COUNTA(UNIQUE(FILTER('Activity map'!$C:$C, ('Activity map'!$A:$A=$A32)*('Activity map'!$F:$F=FALSE)))))"),2.0) -> 2 | R32: =IFERROR(__xludf.DUMMYFUNCTION("IF(ISERROR(FILTER('Activity map'!$C:$C, 'Activity map'!$A:$A=$A32)), 0, COUNTA(UNIQUE(FILTER('Activity map'!$C:$C, 'Activity map'!$A:$A=$A32))))"),2.0) -> 2 | S32: =1 - Q32/R32 -> 0 | T32: =IFERROR(__xludf.DUMMYFUNCTION("IF(ISERROR(FILTER('Activity map'!$E:$E, ('Activity map'!$A:$A=$A32)*('Activity map'!$F:$F=FALSE))), ""-"", MIN(UNIQUE(FILTER('Activity map'!$E:$E, ('Activity map'!$A:$A=$A32)*('Activity map'!$F:$F=FALSE)))))"),1.0) -> 1 | U32: =IF($N32=0, "-", VLOOKUP($N32, 'List of log slots'!$A:$C, 2, FALSE)) -> Tea flask
A33: 69 | B33: =VLOOKUP($A33, 'Completion rates'!$A:$E, 2, FALSE) -> Opening easy caskets | C33: =IF(Notes!$E$27, VLOOKUP($A33, 'Completion rates'!$A:$E, 4, FALSE), VLOOKUP($A33, 'Completion rates'!$A:$E, 3, FALSE)) -> 45 | D33: =VLOOKUP($A33, 'Completion rates'!$A:$E, 5, FALSE) -> 0 | E33: =IF(SUMIFS('Activity map'!$O:$O, 'Activity map'!$A:$A, A33, 'Activity map'!$H:$H, "=TRUE") = 0, "n/a", 1/SUMIFS('Activity map'!$O:$O, 'Activity map'!$A:$A, A33, 'Activity map'!$H:$H, "=TRUE")) -> 1.4337786 | F33: =IF(OR(ISBLANK(C33), E33 = "n/a"), "", E33/C33 + D33) -> 0.031861746 | G33: =IF(MINIFS('Activity map'!$N:$N, 'Activity map'!$A:$A, A33, 'Activity map'!$H:$H, "=TRUE") = 0, "n/a", MINIFS('Activity map'!$N:$N, 'Activity map'!$A:$A, A33, 'Activity map'!$H:$H, "=TRUE")) -> n/a | H33: =IF(OR(ISBLANK(C33), G33 = "n/a"), "", G33/C33 + D33) | I33: =IF(MINIFS('Activity map'!$M:$M, 'Activity map'!$A:$A, A33, 'Activity map'!$H:$H, "=TRUE") = 0, "n/a", MINIFS('Activity map'!$M:$M, 'Activity map'!$A:$A, A33, 'Activity map'!$H:$H, "=TRUE")) -> 100 | J33: =IF(OR(ISBLANK(C33), I33 = "n/a"), "", I33/C33 + D33) -> 2.2222222 | K33: =IF(MINIFS('Activity map'!$L:$L, 'Activity map'!$A:$A, A33, 'Activity map'!$H:$H, "=TRUE") = 0, "n/a", MINIFS('Activity map'!$L:$L, 'Activity map'!$A:$A, A33, 'Activity map'!$H:$H, "=TRUE")) -> n/a | L33: =IF(OR(ISBLANK(C33), K33 = "n/a"), "", K33/C33 + D33) | M33: =MINIFS('Activity map'!$C:$C, 'Activity map'!$A:$A, $A33, 'Activity map'!$H:$H, "=TRUE", 'Activity map'!$K:$K, MINIFS('Activity map'!$K:$K, 'Activity map'!$A:$A, $A33, 'Activity map'!$H:$H, "=TRUE")) -> 10476 | N33: =MINIFS('Activity map'!$C:$C, 'Activity map'!$A:$A, $A33, 'Activity map'!$H:$H, "=TRUE", 'Activity map'!$E:$E, $T33) -> 3827 | O33: =IF(MIN(F33,H33,J33,L33) = 0, "Done!", MIN(F33,H33,J33,L33) / 24) -> 0.0013275728 | P33: =IF($M33=0, "-", VLOOKUP($M33, 'List of log slots'!$A:$C, 2, FALSE)) -> Purple sweets | Q33: =IFERROR(__xludf.DUMMYFUNCTION("IF(ISERROR(FILTER('Activity map'!$C:$C, ('Activity map'!$A:$A=$A33)*('Activity map'!$F:$F=FALSE))), 0, COUNTA(UNIQUE(FILTER('Activity map'!$C:$C, ('Activity map'!$A:$A=$A33)*('Activity map'!$F:$F=FALSE)))))"),182.0) -> 182 | R33: =IFERROR(__xludf.DUMMYFUNCTION("IF(ISERROR(FILTER('Activity map'!$C:$C, 'Activity map'!$A:$A=$A33)), 0, COUNTA(UNIQUE(FILTER('Activity map'!$C:$C, 'Activity map'!$A:$A=$A33))))"),182.0) -> 182 | S33: =1 - Q33/R33 -> 0 | T33: =IFERROR(__xludf.DUMMYFUNCTION("IF(ISERROR(FILTER('Activity map'!$E:$E, ('Activity map'!$A:$A=$A33)*('Activity map'!$F:$F=FALSE))), ""-"", MIN(UNIQUE(FILTER('Activity map'!$E:$E, ('Activity map'!$A:$A=$A33)*('Activity map'!$F:$F=FALSE)))))"),2.0) -> 2 | U33: =IF($N33=0, "-", VLOOKUP($N33, 'List of log slots'!$A:$C, 2, FALSE)) -> Saradomin page 1
A34: 70 | B34: =VLOOKUP($A34, 'Completion rates'!$A:$E, 2, FALSE) -> Opening medium caskets | C34: =IF(Notes!$E$27, VLOOKUP($A34, 'Completion rates'!$A:$E, 4, FALSE), VLOOKUP($A34, 'Completion rates'!$A:$E, 3, FALSE)) -> 30 | D34: =VLOOKUP($A34, 'Completion rates'!$A:$E, 5, FALSE) -> 0 | E34: =IF(SUMIFS('Activity map'!$O:$O, 'Activity map'!$A:$A, A34, 'Activity map'!$H:$H, "=TRUE") = 0, "n/a", 1/SUMIFS('Activity map'!$O:$O, 'Activity map'!$A:$A, A34, 'Activity map'!$H:$H, "=TRUE")) -> 1.0576812 | F34: =IF(OR(ISBLANK(C34), E34 = "n/a"), "", E34/C34 + D34) -> 0.035256039 | G34: =IF(MINIFS('Activity map'!$N:$N, 'Activity map'!$A:$A, A34, 'Activity map'!$H:$H, "=TRUE") = 0, "n/a", MINIFS('Activity map'!$N:$N, 'Activity map'!$A:$A, A34, 'Activity map'!$H:$H, "=TRUE")) -> n/a | H34: =IF(OR(ISBLANK(C34), G34 = "n/a"), "", G34/C34 + D34) | I34: =IF(MINIFS('Activity map'!$M:$M, 'Activity map'!$A:$A, A34, 'Activity map'!$H:$H, "=TRUE") = 0, "n/a", MINIFS('Activity map'!$M:$M, 'Activity map'!$A:$A, A34, 'Activity map'!$H:$H, "=TRUE")) -> 100 | J34: =IF(OR(ISBLANK(C34), I34 = "n/a"), "", I34/C34 + D34) -> 3.3333333 | K34: =IF(MINIFS('Activity map'!$L:$L, 'Activity map'!$A:$A, A34, 'Activity map'!$H:$H, "=TRUE") = 0, "n/a", MINIFS('Activity map'!$L:$L, 'Activity map'!$A:$A, A34, 'Activity map'!$H:$H, "=TRUE")) -> n/a | L34: =IF(OR(ISBLANK(C34), K34 = "n/a"), "", K34/C34 + D34) | M34: =MINIFS('Activity map'!$C:$C, 'Activity map'!$A:$A, $A34, 'Activity map'!$H:$H, "=TRUE", 'Activity map'!$K:$K, MINIFS('Activity map'!$K:$K, 'Activity map'!$A:$A, $A34, 'Activity map'!$H:$H, "=TRUE")) -> 10476 | N34: =MINIFS('Activity map'!$C:$C, 'Activity map'!$A:$A, $A34, 'Activity map'!$H:$H, "=TRUE", 'Activity map'!$E:$E, $T34) -> 3827 | O34: =IF(MIN(F34,H34,J34,L34) = 0, "Done!", MIN(F34,H34,J34,L34) / 24) -> 0.0014690016 | P34: =IF($M34=0, "-", VLOOKUP($M34, 'List of log slots'!$A:$C, 2, FALSE)) -> Purple sweets | Q34: =IFERROR(__xludf.DUMMYFUNCTION("IF(ISERROR(FILTER('Activity map'!$C:$C, ('Activity map'!$A:$A=$A34)*('Activity map'!$F:$F=FALSE))), 0, COUNTA(UNIQUE(FILTER('Activity map'!$C:$C, ('Activity map'!$A:$A=$A34)*('Activity map'!$F:$F=FALSE)))))"),166.0) -> 166 | R34: =IFERROR(__xludf.DUMMYFUNCTION("IF(ISERROR(FILTER('Activity map'!$C:$C, 'Activity map'!$A:$A=$A34)), 0, COUNTA(UNIQUE(FILTER('Activity map'!$C:$C, 'Activity map'!$A:$A=$A34))))"),166.0) -> 166 | S34: =1 - Q34/R34 -> 0 | T34: =IFERROR(__xludf.DUMMYFUNCTION("IF(ISERROR(FILTER('Activity map'!$E:$E, ('Activity map'!$A:$A=$A34)*('Activity map'!$F:$F=FALSE))), ""-"", MIN(UNIQUE(FILTER('Activity map'!$E:$E, ('Activity map'!$A:$A=$A34)*('Activity map'!$F:$F=FALSE)))))"),2.0) -> 2 | U34: =IF($N34=0, "-", VLOOKUP($N34, 'List of log slots'!$A:$C, 2, FALSE)) -> Saradomin page 1
A35: 92 | B35: =VLOOKUP($A35, 'Completion rates'!$A:$E, 2, FALSE) -> Getting commendation points (pest control) | C35: =IF(Notes!$E$27, VLOOKUP($A35, 'Completion rates'!$A:$E, 4, FALSE), VLOOKUP($A35, 'Completion rates'!$A:$E, 3, FALSE)) -> 270 | D35: =VLOOKUP($A35, 'Completion rates'!$A:$E, 5, FALSE) -> 0 | E35: =IF(SUMIFS('Activity map'!$O:$O, 'Activity map'!$A:$A, A35, 'Activity map'!$H:$H, "=TRUE") = 0, "n/a", 1/SUMIFS('Activity map'!$O:$O, 'Activity map'!$A:$A, A35, 'Activity map'!$H:$H, "=TRUE")) -> n/a | F35: =IF(OR(ISBLANK(C35), E35 = "n/a"), "", E35/C35 + D35) | G35: =IF(MINIFS('Activity map'!$N:$N, 'Activity map'!$A:$A, A35, 'Activity map'!$H:$H, "=TRUE") = 0, "n/a", MINIFS('Activity map'!$N:$N, 'Activity map'!$A:$A, A35, 'Activity map'!$H:$H, "=TRUE")) -> n/a | H35: =IF(OR(ISBLANK(C35), G35 = "n/a"), "", G35/C35 + D35) | I35: =IF(MINIFS('Activity map'!$M:$M, 'Activity map'!$A:$A, A35, 'Activity map'!$H:$H, "=TRUE") = 0, "n/a", MINIFS('Activity map'!$M:$M, 'Activity map'!$A:$A, A35, 'Activity map'!$H:$H, "=TRUE")) -> n/a | J35: =IF(OR(ISBLANK(C35), I35 = "n/a"), "", I35/C35 + D35) | K35: =IF(MINIFS('Activity map'!$L:$L, 'Activity map'!$A:$A, A35, 'Activity map'!$H:$H, "=TRUE") = 0, "n/a", MINIFS('Activity map'!$L:$L, 'Activity map'!$A:$A, A35, 'Activity map'!$H:$H, "=TRUE")) -> 10 | L35: =IF(OR(ISBLANK(C35), K35 = "n/a"), "", K35/C35 + D35) -> 0.037037037 | M35: =MINIFS('Activity map'!$C:$C, 'Activity map'!$A:$A, $A35, 'Activity map'!$H:$H, "=TRUE", 'Activity map'!$K:$K, MINIFS('Activity map'!$K:$K, 'Activity map'!$A:$A, $A35, 'Activity map'!$H:$H, "=TRUE")) -> 11666 | N35: =MINIFS('Activity map'!$C:$C, 'Activity map'!$A:$A, $A35, 'Activity map'!$H:$H, "=TRUE", 'Activity map'!$E:$E, $T35) -> 11666 | O35: =IF(MIN(F35,H35,J35,L35) = 0, "Done!", MIN(F35,H35,J35,L35) / 24) -> 0.0015432099 | P35: =IF($M35=0, "-", VLOOKUP($M35, 'List of log slots'!$A:$C, 2, FALSE)) -> Void seal(8) | Q35: =IFERROR(__xludf.DUMMYFUNCTION("IF(ISERROR(FILTER('Activity map'!$C:$C, ('Activity map'!$A:$A=$A35)*('Activity map'!$F:$F=FALSE))), 0, COUNTA(UNIQUE(FILTER('Activity map'!$C:$C, ('Activity map'!$A:$A=$A35)*('Activity map'!$F:$F=FALSE)))))"),10.0) -> 10 | R35: =IFERROR(__xludf.DUMMYFUNCTION("IF(ISERROR(FILTER('Activity map'!$C:$C, 'Activity map'!$A:$A=$A35)), 0, COUNTA(UNIQUE(FILTER('Activity map'!$C:$C, 'Activity map'!$A:$A=$A35))))"),10.0) -> 10 | S35: =1 - Q35/R35 -> 0 | T35: =IFERROR(__xludf.DUMMYFUNCTION("IF(ISERROR(FILTER('Activity map'!$E:$E, ('Activity map'!$A:$A=$A35)*('Activity map'!$F:$F=FALSE))), ""-"", MIN(UNIQUE(FILTER('Activity map'!$E:$E, ('Activity map'!$A:$A=$A35)*('Activity map'!$F:$F=FALSE)))))"),2.0) -> 2 | U35: =IF($N35=0, "-", VLOOKUP($N35, 'List of log slots'!$A:$C, 2, FALSE)) -> Void seal(8)
A36: 41 | B36: =VLOOKUP($A36, 'Completion rates'!$A:$E, 2, FALSE) -> Killing phantom muspah | C36: =IF(Notes!$E$27, VLOOKUP($A36, 'Completion rates'!$A:$E, 4, FALSE), VLOOKUP($A36, 'Completion rates'!$A:$E, 3, FALSE)) -> 26 | D36: =VLOOKUP($A36, 'Completion rates'!$A:$E, 5, FALSE) -> 0 | E36: =IF(SUMIFS('Activity map'!$O:$O, 'Activity map'!$A:$A, A36, 'Activity map'!$H:$H, "=TRUE") = 0, "n/a", 1/SUMIFS('Activity map'!$O:$O, 'Activity map'!$A:$A, A36, 'Activity map'!$H:$H, "=TRUE")) -> 14.145409 | F36: =IF(OR(ISBLANK(C36), E36 = "n/a"), "", E36/C36 + D36) -> 0.54405419 | G36: =IF(MINIFS('Activity map'!$N:$N, 'Activity map'!$A:$A, A36, 'Activity map'!$H:$H, "=TRUE") = 0, "n/a", MINIFS('Activity map'!$N:$N, 'Activity map'!$A:$A, A36, 'Activity map'!$H:$H, "=TRUE")) -> n/a | H36: =IF(OR(ISBLANK(C36), G36 = "n/a"), "", G36/C36 + D36) | I36: =IF(MINIFS('Activity map'!$M:$M, 'Activity map'!$A:$A, A36, 'Activity map'!$H:$H, "=TRUE") = 0, "n/a", MINIFS('Activity map'!$M:$M, 'Activity map'!$A:$A, A36, 'Activity map'!$H:$H, "=TRUE")) -> 1 | J36: =IF(OR(ISBLANK(C36), I36 = "n/a"), "", I36/C36 + D36) -> 0.038461538 | K36: =IF(MINIFS('Activity map'!$L:$L, 'Activity map'!$A:$A, A36, 'Activity map'!$H:$H, "=TRUE") = 0, "n/a", MINIFS('Activity map'!$L:$L, 'Activity map'!$A:$A, A36, 'Activity map'!$H:$H, "=TRUE")) -> n/a | L36: =IF(OR(ISBLANK(C36), K36 = "n/a"), "", K36/C36 + D36) | M36: =MINIFS('Activity map'!$C:$C, 'Activity map'!$A:$A, $A36, 'Activity map'!$H:$H, "=TRUE", 'Activity map'!$K:$K, MINIFS('Activity map'!$K:$K, 'Activity map'!$A:$A, $A36, 'Activity map'!$H:$H, "=TRUE")) -> 27616 | N36: =MINIFS('Activity map'!$C:$C, 'Activity map'!$A:$A, $A36, 'Activity map'!$H:$H, "=TRUE", 'Activity map'!$E:$E, $T36) -> 27616 | O36: =IF(MIN(F36,H36,J36,L36) = 0, "Done!", MIN(F36,H36,J36,L36) / 24) -> 0.0016025641 | P36: =IF($M36=0, "-", VLOOKUP($M36, 'List of log slots'!$A:$C, 2, FALSE)) -> Ancient essence | Q36: =IFERROR(__xludf.DUMMYFUNCTION("IF(ISERROR(FILTER('Activity map'!$C:$C, ('Activity map'!$A:$A=$A36)*('Activity map'!$F:$F=FALSE))), 0, COUNTA(UNIQUE(FILTER('Activity map'!$C:$C, ('Activity map'!$A:$A=$A36)*('Activity map'!$F:$F=FALSE)))))"),8.0) -> 8 | R36: =IFERROR(__xludf.DUMMYFUNCTION("IF(ISERROR(FILTER('Activity map'!$C:$C, 'Activity map'!$A:$A=$A36)), 0, COUNTA(UNIQUE(FILTER('Activity map'!$C:$C, 'Activity map'!$A:$A=$A36))))"),8.0) -> 8 | S36: =1 - Q36/R36 -> 0 | T36: =IFERROR(__xludf.DUMMYFUNCTION("IF(ISERROR(FILTER('Activity map'!$E:$E, ('Activity map'!$A:$A=$A36)*('Activity map'!$F:$F=FALSE))), ""-"", MIN(UNIQUE(FILTER('Activity map'!$E:$E, ('Activity map'!$A:$A=$A36)*('Activity map'!$F:$F=FALSE)))))"),4.0) -> 4 | U36: =IF($N36=0, "-", VLOOKUP($N36, 'List of log slots'!$A:$C, 2, FALSE)) -> Ancient essence
A37: 71 | B37: =VLOOKUP($A37, 'Completion rates'!$A:$E, 2, FALSE) -> Opening hard caskets | C37: =IF(Notes!$E$27, VLOOKUP($A37, 'Completion rates'!$A:$E, 4, FALSE), VLOOKUP($A37, 'Completion rates'!$A:$E, 3, FALSE)) -> 20 | D37: =VLOOKUP($A37, 'Completion rates'!$A:$E, 5, FALSE) -> 0 | E37: =IF(SUMIFS('Activity map'!$O:$O, 'Activity map'!$A:$A, A37, 'Activity map'!$H:$H, "=TRUE") = 0, "n/a", 1/SUMIFS('Activity map'!$O:$O, 'Activity map'!$A:$A, A37, 'Activity map'!$H:$H, "=TRUE")) -> 0.7923094 | F37: =IF(OR(ISBLANK(C37), E37 = "n/a"), "", E37/C37 + D37) -> 0.03961547 | G37: =IF(MINIFS('Activity map'!$N:$N, 'Activity map'!$A:$A, A37, 'Activity map'!$H:$H, "=TRUE") = 0, "n/a", MINIFS('Activity map'!$N:$N, 'Activity map'!$A:$A, A37, 'Activity map'!$H:$H, "=TRUE")) -> n/a | H37: =IF(OR(ISBLANK(C37), G37 = "n/a"), "", G37/C37 + D37) | I37: =IF(MINIFS('Activity map'!$M:$M, 'Activity map'!$A:$A, A37, 'Activity map'!$H:$H, "=TRUE") = 0, "n/a", MINIFS('Activity map'!$M:$M, 'Activity map'!$A:$A, A37, 'Activity map'!$H:$H, "=TRUE")) -> 50 | J37: =IF(OR(ISBLANK(C37), I37 = "n/a"), "", I37/C37 + D37) -> 2.5 | K37: =IF(MINIFS('Activity map'!$L:$L, 'Activity map'!$A:$A, A37, 'Activity map'!$H:$H, "=TRUE") = 0, "n/a", MINIFS('Activity map'!$L:$L, 'Activity map'!$A:$A, A37, 'Activity map'!$H:$H, "=TRUE")) -> n/a | L37: =IF(OR(ISBLANK(C37), K37 = "n/a"), "", K37/C37 + D37) | M37: =MINIFS('Activity map'!$C:$C, 'Activity map'!$A:$A, $A37, 'Activity map'!$H:$H, "=TRUE", 'Activity map'!$K:$K, MINIFS('Activity map'!$K:$K, 'Activity map'!$A:$A, $A37, 'Activity map'!$H:$H, "=TRUE")) -> 10476 | N37: =MINIFS('Activity map'!$C:$C, 'Activity map'!$A:$A, $A37, 'Activity map'!$H:$H, "=TRUE", 'Activity map'!$E:$E, $T37) -> 3827 | O37: =IF(MIN(F37,H37,J37,L37) = 0, "Done!", MIN(F37,H37,J37,L37) / 24) -> 0.0016506446 | P37: =IF($M37=0, "-", VLOOKUP($M37, 'List of log slots'!$A:$C, 2, FALSE)) -> Purple sweets | Q37: =IFERROR(__xludf.DUMMYFUNCTION("IF(ISERROR(FILTER('Activity map'!$C:$C, ('Activity map'!$A:$A=$A37)*('Activity map'!$F:$F=FALSE))), 0, COUNTA(UNIQUE(FILTER('Activity map'!$C:$C, ('Activity map'!$A:$A=$A37)*('Activity map'!$F:$F=FALSE)))))"),209.0) -> 209 | R37: =IFERROR(__xludf.DUMMYFUNCTION("IF(ISERROR(FILTER('Activity map'!$C:$C, 'Activity map'!$A:$A=$A37)), 0, COUNTA(UNIQUE(FILTER('Activity map'!$C:$C, 'Activity map'!$A:$A=$A37))))"),209.0) -> 209 | S37: =1 - Q37/R37 -> 0 | T37: =IFERROR(__xludf.DUMMYFUNCTION("IF(ISERROR(FILTER('Activity map'!$E:$E, ('Activity map'!$A:$A=$A37)*('Activity map'!$F:$F=FALSE))), ""-"", MIN(UNIQUE(FILTER('Activity map'!$E:$E, ('Activity map'!$A:$A=$A37)*('Activity map'!$F:$F=FALSE)))))"),2.0) -> 2 | U37: =IF($N37=0, "-", VLOOKUP($N37, 'List of log slots'!$A:$C, 2, FALSE)) -> Saradomin page 1
A38: 138 | B38: =VLOOKUP($A38, 'Completion rates'!$A:$E, 2, FALSE) -> Collecting marks of grace (rooftop agility) | C38: =IF(Notes!$E$27, VLOOKUP($A38, 'Completion rates'!$A:$E, 4, FALSE), VLOOKUP($A38, 'Completion rates'!$A:$E, 3, FALSE)) -> 25 | D38: =VLOOKUP($A38, 'Completion rates'!$A:$E, 5, FALSE) -> 0 | E38: =IF(SUMIFS('Activity map'!$O:$O, 'Activity map'!$A:$A, A38, 'Activity map'!$H:$H, "=TRUE") = 0, "n/a", 1/SUMIFS('Activity map'!$O:$O, 'Activity map'!$A:$A, A38, 'Activity map'!$H:$H, "=TRUE")) -> n/a | F38: =IF(OR(ISBLANK(C38), E38 = "n/a"), "", E38/C38 + D38) | G38: =IF(MINIFS('Activity map'!$N:$N, 'Activity map'!$A:$A, A38, 'Activity map'!$H:$H, "=TRUE") = 0, "n/a", MINIFS('Activity map'!$N:$N, 'Activity map'!$A:$A, A38, 'Activity map'!$H:$H, "=TRUE")) -> n/a | H38: =IF(OR(ISBLANK(C38), G38 = "n/a"), "", G38/C38 + D38) | I38: =IF(MINIFS('Activity map'!$M:$M, 'Activity map'!$A:$A, A38, 'Activity map'!$H:$H, "=TRUE") = 0, "n/a", MINIFS('Activity map'!$M:$M, 'Activity map'!$A:$A, A38, 'Activity map'!$H:$H, "=TRUE")) -> 1 | J38: =IF(OR(ISBLANK(C38), I38 = "n/a"), "", I38/C38 + D38) -> 0.04 | K38: =IF(MINIFS('Activity map'!$L:$L, 'Activity map'!$A:$A, A38, 'Activity map'!$H:$H, "=TRUE") = 0, "n/a", MINIFS('Activity map'!$L:$L, 'Activity map'!$A:$A, A38, 'Activity map'!$H:$H, "=TRUE")) -> 30 | L38: =IF(OR(ISBLANK(C38), K38 = "n/a"), "", K38/C38 + D38) -> 1.2 | M38: =MINIFS('Activity map'!$C:$C, 'Activity map'!$A:$A, $A38, 'Activity map'!$H:$H, "=TRUE", 'Activity map'!$K:$K, MINIFS('Activity map'!$K:$K, 'Activity map'!$A:$A, $A38, 'Activity map'!$H:$H, "=TRUE")) -> 11849 | N38: =MINIFS('Activity map'!$C:$C, 'Activity map'!$A:$A, $A38, 'Activity map'!$H:$H, "=TRUE", 'Activity map'!$E:$E, $T38) -> 11849 | O38: =IF(MIN(F38,H38,J38,L38) = 0, "Done!", MIN(F38,H38,J38,L38) / 24) -> 0.0016666667 | P38: =IF($M38=0, "-", VLOOKUP($M38, 'List of log slots'!$A:$C, 2, FALSE)) -> Mark of grace | Q38: =IFERROR(__xludf.DUMMYFUNCTION("IF(ISERROR(FILTER('Activity map'!$C:$C, ('Activity map'!$A:$A=$A38)*('Activity map'!$F:$F=FALSE))), 0, COUNTA(UNIQUE(FILTER('Activity map'!$C:$C, ('Activity map'!$A:$A=$A38)*('Activity map'!$F:$F=FALSE)))))"),7.0) -> 7 | R38: =IFERROR(__xludf.DUMMYFUNCTION("IF(ISERROR(FILTER('Activity map'!$C:$C, 'Activity map'!$A:$A=$A38)), 0, COUNTA(UNIQUE(FILTER('Activity map'!$C:$C, 'Activity map'!$A:$A=$A38))))"),7.0) -> 7 | S38: =1 - Q38/R38 -> 0 | T38: =IFERROR(__xludf.DUMMYFUNCTION("IF(ISERROR(FILTER('Activity map'!$E:$E, ('Activity map'!$A:$A=$A38)*('Activity map'!$F:$F=FALSE))), ""-"", MIN(UNIQUE(FILTER('Activity map'!$E:$E, ('Activity map'!$A:$A=$A38)*('Activity map'!$F:$F=FALSE)))))"),1.0) -> 1 | U38: =IF($N38=0, "-", VLOOKUP($N38, 'List of log slots'!$A:$C, 2, FALSE)) -> Mark of grace
A39: 210 | B39: =VLOOKUP($A39, 'Completion rates'!$A:$E, 2, FALSE) -> Killing elder custodian stalkers | C39: =IF(Notes!$E$27, VLOOKUP($A39, 'Completion rates'!$A:$E, 4, FALSE), VLOOKUP($A39, 'Completion rates'!$A:$E, 3, FALSE)) -> 400 | D39: =VLOOKUP($A39, 'Completion rates'!$A:$E, 5, FALSE) -> 0 | E39: =IF(SUMIFS('Activity map'!$O:$O, 'Activity map'!$A:$A, A39, 'Activity map'!$H:$H, "=TRUE") = 0, "n/a", 1/SUMIFS('Activity map'!$O:$O, 'Activity map'!$A:$A, A39, 'Activity map'!$H:$H, "=TRUE")) -> 16.457532 | F39: =IF(OR(ISBLANK(C39), E39 = "n/a"), "", E39/C39 + D39) -> 0.041143831 | G39: =IF(MINIFS('Activity map'!$N:$N, 'Activity map'!$A:$A, A39, 'Activity map'!$H:$H, "=TRUE") = 0, "n/a", MINIFS('Activity map'!$N:$N, 'Activity map'!$A:$A, A39, 'Activity map'!$H:$H, "=TRUE")) -> n/a | H39: =IF(OR(ISBLANK(C39), G39 = "n/a"), "", G39/C39 + D39) | I39: =IF(MINIFS('Activity map'!$M:$M, 'Activity map'!$A:$A, A39, 'Activity map'!$H:$H, "=TRUE") = 0, "n/a", MINIFS('Activity map'!$M:$M, 'Activity map'!$A:$A, A39, 'Activity map'!$H:$H, "=TRUE")) -> n/a | J39: =IF(OR(ISBLANK(C39), I39 = "n/a"), "", I39/C39 + D39) | K39: =IF(MINIFS('Activity map'!$L:$L, 'Activity map'!$A:$A, A39, 'Activity map'!$H:$H, "=TRUE") = 0, "n/a", MINIFS('Activity map'!$L:$L, 'Activity map'!$A:$A, A39, 'Activity map'!$H:$H, "=TRUE")) -> n/a | L39: =IF(OR(ISBLANK(C39), K39 = "n/a"), "", K39/C39 + D39) | M39: =MINIFS('Activity map'!$C:$C, 'Activity map'!$A:$A, $A39, 'Activity map'!$H:$H, "=TRUE", 'Activity map'!$K:$K, MINIFS('Activity map'!$K:$K, 'Activity map'!$A:$A, $A39, 'Activity map'!$H:$H, "=TRUE")) -> 31086 | N39: =MINIFS('Activity map'!$C:$C, 'Activity map'!$A:$A, $A39, 'Activity map'!$H:$H, "=TRUE", 'Activity map'!$E:$E, $T39) -> 10976 | O39: =IF(MIN(F39,H39,J39,L39) = 0, "Done!", MIN(F39,H39,J39,L39) / 24) -> 0.0017143263 | P39: =IF($M39=0, "-", VLOOKUP($M39, 'List of log slots'!$A:$C, 2, FALSE)) -> Broken antler | Q39: =IFERROR(__xludf.DUMMYFUNCTION("IF(ISERROR(FILTER('Activity map'!$C:$C, ('Activity map'!$A:$A=$A39)*('Activity map'!$F:$F=FALSE))), 0, COUNTA(UNIQUE(FILTER('Activity map'!$C:$C, ('Activity map'!$A:$A=$A39)*('Activity map'!$F:$F=FALSE)))))"),8.0) -> 8 | R39: =IFERROR(__xludf.DUMMYFUNCTION("IF(ISERROR(FILTER('Activity map'!$C:$C, 'Activity map'!$A:$A=$A39)), 0, COUNTA(UNIQUE(FILTER('Activity map'!$C:$C, 'Activity map'!$A:$A=$A39))))"),8.0) -> 8 | S39: =1 - Q39/R39 -> 0 | T39: =IFERROR(__xludf.DUMMYFUNCTION("IF(ISERROR(FILTER('Activity map'!$E:$E, ('Activity map'!$A:$A=$A39)*('Activity map'!$F:$F=FALSE))), ""-"", MIN(UNIQUE(FILTER('Activity map'!$E:$E, ('Activity map'!$A:$A=$A39)*('Activity map'!$F:$F=FALSE)))))"),3.0) -> 3 | U39: =IF($N39=0, "-", VLOOKUP($N39, 'List of log slots'!$A:$C, 2, FALSE)) -> Long bone
A40: 49 | B40: =VLOOKUP($A40, 'Completion rates'!$A:$E, 2, FALSE) -> Fishing from the reward pool (tempoross) | C40: =IF(Notes!$E$27, VLOOKUP($A40, 'Completion rates'!$A:$E, 4, FALSE), VLOOKUP($A40, 'Completion rates'!$A:$E, 3, FALSE)) -> 80 | D40: =VLOOKUP($A40, 'Completion rates'!$A:$E, 5, FALSE) -> 0 | E40: =IF(SUMIFS('Activity map'!$O:$O, 'Activity map'!$A:$A, A40, 'Activity map'!$H:$H, "=TRUE") = 0, "n/a", 1/SUMIFS('Activity map'!$O:$O, 'Activity map'!$A:$A, A40, 'Activity map'!$H:$H, "=TRUE")) -> 3.6361188 | F40: =IF(OR(ISBLANK(C40), E40 = "n/a"), "", E40/C40 + D40) -> 0.045451485 | G40: =IF(MINIFS('Activity map'!$N:$N, 'Activity map'!$A:$A, A40, 'Activity map'!$H:$H, "=TRUE") = 0, "n/a", MINIFS('Activity map'!$N:$N, 'Activity map'!$A:$A, A40, 'Activity map'!$H:$H, "=TRUE")) -> 100 | H40: =IF(OR(ISBLANK(C40), G40 = "n/a"), "", G40/C40 + D40) -> 1.25 | I40: =IF(MINIFS('Activity map'!$M:$M, 'Activity map'!$A:$A, A40, 'Activity map'!$H:$H, "=TRUE") = 0, "n/a", MINIFS('Activity map'!$M:$M, 'Activity map'!$A:$A, A40, 'Activity map'!$H:$H, "=TRUE")) -> n/a | J40: =IF(OR(ISBLANK(C40), I40 = "n/a"), "", I40/C40 + D40) | K40: =IF(MINIFS('Activity map'!$L:$L, 'Activity map'!$A:$A, A40, 'Activity map'!$H:$H, "=TRUE") = 0, "n/a", MINIFS('Activity map'!$L:$L, 'Activity map'!$A:$A, A40, 'Activity map'!$H:$H, "=TRUE")) -> n/a | L40: =IF(OR(ISBLANK(C40), K40 = "n/a"), "", K40/C40 + D40) | M40: =MINIFS('Activity map'!$C:$C, 'Activity map'!$A:$A, $A40, 'Activity map'!$H:$H, "=TRUE", 'Activity map'!$K:$K, MINIFS('Activity map'!$K:$K, 'Activity map'!$A:$A, $A40, 'Activity map'!$H:$H, "=TRUE")) -> 25588 | N40: =MINIFS('Activity map'!$C:$C, 'Activity map'!$A:$A, $A40, 'Activity map'!$H:$H, "=TRUE", 'Activity map'!$E:$E, $T40) -> 25578 | O40: =IF(MIN(F40,H40,J40,L40) = 0, "Done!", MIN(F40,H40,J40,L40) / 24) -> 0.0018938119 | P40: =IF($M40=0, "-", VLOOKUP($M40, 'List of log slots'!$A:$C, 2, FALSE)) -> Spirit flakes | Q40: =IFERROR(__xludf.DUMMYFUNCTION("IF(ISERROR(FILTER('Activity map'!$C:$C, ('Activity map'!$A:$A=$A40)*('Activity map'!$F:$F=FALSE))), 0, COUNTA(UNIQUE(FILTER('Activity map'!$C:$C, ('Activity map'!$A:$A=$A40)*('Activity map'!$F:$F=FALSE)))))"),12.0) -> 12 | R40: =IFERROR(__xludf.DUMMYFUNCTION("IF(ISERROR(FILTER('Activity map'!$C:$C, 'Activity map'!$A:$A=$A40)), 0, COUNTA(UNIQUE(FILTER('Activity map'!$C:$C, 'Activity map'!$A:$A=$A40))))"),12.0) -> 12 | S40: =1 - Q40/R40 -> 0 | T40: =IFERROR(__xludf.DUMMYFUNCTION("IF(ISERROR(FILTER('Activity map'!$E:$E, ('Activity map'!$A:$A=$A40)*('Activity map'!$F:$F=FALSE))), ""-"", MIN(UNIQUE(FILTER('Activity map'!$E:$E, ('Activity map'!$A:$A=$A40)*('Activity map'!$F:$F=FALSE)))))"),2.0) -> 2 | U40: =IF($N40=0, "-", VLOOKUP($N40, 'List of log slots'!$A:$C, 2, FALSE)) -> Soaked page
A41: 202 | B41: =VLOOKUP($A41, 'Completion rates'!$A:$E, 2, FALSE) -> Opening larran's big chest | C41: =IF(Notes!$E$27, VLOOKUP($A41, 'Completion rates'!$A:$E, 4, FALSE), VLOOKUP($A41, 'Completion rates'!$A:$E, 3, FALSE)) -> 1500 | D41: =VLOOKUP($A41, 'Completion rates'!$A:$E, 5, FALSE) -> 0 | E41: =IF(SUMIFS('Activity map'!$O:$O, 'Activity map'!$A:$A, A41, 'Activity map'!$H:$H, "=TRUE") = 0, "n/a", 1/SUMIFS('Activity map'!$O:$O, 'Activity map'!$A:$A, A41, 'Activity map'!$H:$H, "=TRUE")) -> 85.333333 | F41: =IF(OR(ISBLANK(C41), E41 = "n/a"), "", E41/C41 + D41) -> 0.056888889 | G41: =IF(MINIFS('Activity map'!$N:$N, 'Activity map'!$A:$A, A41, 'Activity map'!$H:$H, "=TRUE") = 0, "n/a", MINIFS('Activity map'!$N:$N, 'Activity map'!$A:$A, A41, 'Activity map'!$H:$H, "=TRUE")) -> n/a | H41: =IF(OR(ISBLANK(C41), G41 = "n/a"), "", G41/C41 + D41) | I41: =IF(MINIFS('Activity map'!$M:$M, 'Activity map'!$A:$A, A41, 'Activity map'!$H:$H, "=TRUE") = 0, "n/a", MINIFS('Activity map'!$M:$M, 'Activity map'!$A:$A, A41, 'Activity map'!$H:$H, "=TRUE")) -> n/a | J41: =IF(OR(ISBLANK(C41), I41 = "n/a"), "", I41/C41 + D41) | K41: =IF(MINIFS('Activity map'!$L:$L, 'Activity map'!$A:$A, A41, 'Activity map'!$H:$H, "=TRUE") = 0, "n/a", MINIFS('Activity map'!$L:$L, 'Activity map'!$A:$A, A41, 'Activity map'!$H:$H, "=TRUE")) -> n/a | L41: =IF(OR(ISBLANK(C41), K41 = "n/a"), "", K41/C41 + D41) | M41: =MINIFS('Activity map'!$C:$C, 'Activity map'!$A:$A, $A41, 'Activity map'!$H:$H, "=TRUE", 'Activity map'!$K:$K, MINIFS('Activity map'!$K:$K, 'Activity map'!$A:$A, $A41, 'Activity map'!$H:$H, "=TRUE")) -> 24288 | N41: =MINIFS('Activity map'!$C:$C, 'Activity map'!$A:$A, $A41, 'Activity map'!$H:$H, "=TRUE", 'Activity map'!$E:$E, $T41) -> 24288 | O41: =IF(MIN(F41,H41,J41,L41) = 0, "Done!", MIN(F41,H41,J41,L41) / 24) -> 0.0023703704 | P41: =IF($M41=0, "-", VLOOKUP($M41, 'List of log slots'!$A:$C, 2, FALSE)) -> Dagon'hai hat | Q41: =IFERROR(__xludf.DUMMYFUNCTION("IF(ISERROR(FILTER('Activity map'!$C:$C, ('Activity map'!$A:$A=$A41)*('Activity map'!$F:$F=FALSE))), 0, COUNTA(UNIQUE(FILTER('Activity map'!$C:$C, ('Activity map'!$A:$A=$A41)*('Activity map'!$F:$F=FALSE)))))"),3.0) -> 3 | R41: =IFERROR(__xludf.DUMMYFUNCTION("IF(ISERROR(FILTER('Activity map'!$C:$C, 'Activity map'!$A:$A=$A41)), 0, COUNTA(UNIQUE(FILTER('Activity map'!$C:$C, 'Activity map'!$A:$A=$A41))))"),3.0) -> 3 | S41: =1 - Q41/R41 -> 0 | T41: =IFERROR(__xludf.DUMMYFUNCTION("IF(ISERROR(FILTER('Activity map'!$E:$E, ('Activity map'!$A:$A=$A41)*('Activity map'!$F:$F=FALSE))), ""-"", MIN(UNIQUE(FILTER('Activity map'!$E:$E, ('Activity map'!$A:$A=$A41)*('Activity map'!$F:$F=FALSE)))))"),6.0) -> 6 | U41: =IF($N41=0, "-", VLOOKUP($N41, 'List of log slots'!$A:$C, 2, FALSE)) -> Dagon'hai hat
A42: 99 | B42: =VLOOKUP($A42, 'Completion rates'!$A:$E, 2, FALSE) -> Rummaging vale offerings (vale totems) | C42: =IF(Notes!$E$27, VLOOKUP($A42, 'Completion rates'!$A:$E, 4, FALSE), VLOOKUP($A42, 'Completion rates'!$A:$E, 3, FALSE)) -> 90 | D42: =VLOOKUP($A42, 'Completion rates'!$A:$E, 5, FALSE) -> 0 | E42: =IF(SUMIFS('Activity map'!$O:$O, 'Activity map'!$A:$A, A42, 'Activity map'!$H:$H, "=TRUE") = 0, "n/a", 1/SUMIFS('Activity map'!$O:$O, 'Activity map'!$A:$A, A42, 'Activity map'!$H:$H, "=TRUE")) -> 5.6649582 | F42: =IF(OR(ISBLANK(C42), E42 = "n/a"), "", E42/C42 + D42) -> 0.06294398 | G42: =IF(MINIFS('Activity map'!$N:$N, 'Activity map'!$A:$A, A42, 'Activity map'!$H:$H, "=TRUE") = 0, "n/a", MINIFS('Activity map'!$N:$N, 'Activity map'!$A:$A, A42, 'Activity map'!$H:$H, "=TRUE")) -> n/a | H42: =IF(OR(ISBLANK(C42), G42 = "n/a"), "", G42/C42 + D42) | I42: =IF(MINIFS('Activity map'!$M:$M, 'Activity map'!$A:$A, A42, 'Activity map'!$H:$H, "=TRUE") = 0, "n/a", MINIFS('Activity map'!$M:$M, 'Activity map'!$A:$A, A42, 'Activity map'!$H:$H, "=TRUE")) -> n/a | J42: =IF(OR(ISBLANK(C42), I42 = "n/a"), "", I42/C42 + D42) | K42: =IF(MINIFS('Activity map'!$L:$L, 'Activity map'!$A:$A, A42, 'Activity map'!$H:$H, "=TRUE") = 0, "n/a", MINIFS('Activity map'!$L:$L, 'Activity map'!$A:$A, A42, 'Activity map'!$H:$H, "=TRUE")) -> n/a | L42: =IF(OR(ISBLANK(C42), K42 = "n/a"), "", K42/C42 + D42) | M42: =MINIFS('Activity map'!$C:$C, 'Activity map'!$A:$A, $A42, 'Activity map'!$H:$H, "=TRUE", 'Activity map'!$K:$K, MINIFS('Activity map'!$K:$K, 'Activity map'!$A:$A, $A42, 'Activity map'!$H:$H, "=TRUE")) -> 31032 | N42: =MINIFS('Activity map'!$C:$C, 'Activity map'!$A:$A, $A42, 'Activity map'!$H:$H, "=TRUE", 'Activity map'!$E:$E, $T42) -> 31032 | O42: =IF(MIN(F42,H42,J42,L42) = 0, "Done!", MIN(F42,H42,J42,L42) / 24) -> 0.0026226658 | P42: =IF($M42=0, "-", VLOOKUP($M42, 'List of log slots'!$A:$C, 2, FALSE)) -> Ent branch | Q42: =IFERROR(__xludf.DUMMYFUNCTION("IF(ISERROR(FILTER('Activity map'!$C:$C, ('Activity map'!$A:$A=$A42)*('Activity map'!$F:$F=FALSE))), 0, COUNTA(UNIQUE(FILTER('Activity map'!$C:$C, ('Activity map'!$A:$A=$A42)*('Activity map'!$F:$F=FALSE)))))"),4.0) -> 4 | R42: =IFERROR(__xludf.DUMMYFUNCTION("IF(ISERROR(FILTER('Activity map'!$C:$C, 'Activity map'!$A:$A=$A42)), 0, COUNTA(UNIQUE(FILTER('Activity map'!$C:$C, 'Activity map'!$A:$A=$A42))))"),4.0) -> 4 | S42: =1 - Q42/R42 -> 0 | T42: =IFERROR(__xludf.DUMMYFUNCTION("IF(ISERROR(FILTER('Activity map'!$E:$E, ('Activity map'!$A:$A=$A42)*('Activity map'!$F:$F=FALSE))), ""-"", MIN(UNIQUE(FILTER('Activity map'!$E:$E, ('Activity map'!$A:$A=$A42)*('Activity map'!$F:$F=FALSE)))))"),1.0) -> 1 | U42: =IF($N42=0, "-", VLOOKUP($N42, 'List of log slots'!$A:$C, 2, FALSE)) -> Ent branch
A43: 234 | B43: =VLOOKUP($A43, 'Completion rates'!$A:$E, 2, FALSE) -> Killing minotaurs (stronghold of security) | C43: =IF(Notes!$E$27, VLOOKUP($A43, 'Completion rates'!$A:$E, 4, FALSE), VLOOKUP($A43, 'Completion rates'!$A:$E, 3, FALSE)) -> 500 | D43: =VLOOKUP($A43, 'Completion rates'!$A:$E, 5, FALSE) -> 0 | E43: =IF(SUMIFS('Activity map'!$O:$O, 'Activity map'!$A:$A, A43, 'Activity map'!$H:$H, "=TRUE") = 0, "n/a", 1/SUMIFS('Activity map'!$O:$O, 'Activity map'!$A:$A, A43, 'Activity map'!$H:$H, "=TRUE")) -> 34 | F43: =IF(OR(ISBLANK(C43), E43 = "n/a"), "", E43/C43 + D43) -> 0.068 | G43: =IF(MINIFS('Activity map'!$N:$N, 'Activity map'!$A:$A, A43, 'Activity map'!$H:$H, "=TRUE") = 0, "n/a", MINIFS('Activity map'!$N:$N, 'Activity map'!$A:$A, A43, 'Activity map'!$H:$H, "=TRUE")) -> n/a | H43: =IF(OR(ISBLANK(C43), G43 = "n/a"), "", G43/C43 + D43) | I43: =IF(MINIFS('Activity map'!$M:$M, 'Activity map'!$A:$A, A43, 'Activity map'!$H:$H, "=TRUE") = 0, "n/a", MINIFS('Activity map'!$M:$M, 'Activity map'!$A:$A, A43, 'Activity map'!$H:$H, "=TRUE")) -> n/a | J43: =IF(OR(ISBLANK(C43), I43 = "n/a"), "", I43/C43 + D43) | K43: =IF(MINIFS('Activity map'!$L:$L, 'Activity map'!$A:$A, A43, 'Activity map'!$H:$H, "=TRUE") = 0, "n/a", MINIFS('Activity map'!$L:$L, 'Activity map'!$A:$A, A43, 'Activity map'!$H:$H, "=TRUE")) -> n/a | L43: =IF(OR(ISBLANK(C43), K43 = "n/a"), "", K43/C43 + D43) | M43: =MINIFS('Activity map'!$C:$C, 'Activity map'!$A:$A, $A43, 'Activity map'!$H:$H, "=TRUE", 'Activity map'!$K:$K, MINIFS('Activity map'!$K:$K, 'Activity map'!$A:$A, $A43, 'Activity map'!$H:$H, "=TRUE")) -> 9007 | N43: =MINIFS('Activity map'!$C:$C, 'Activity map'!$A:$A, $A43, 'Activity map'!$H:$H, "=TRUE", 'Activity map'!$E:$E, $T43) -> 9007 | O43: =IF(MIN(F43,H43,J43,L43) = 0, "Done!", MIN(F43,H43,J43,L43) / 24) -> 0.0028333333 | P43: =IF($M43=0, "-", VLOOKUP($M43, 'List of log slots'!$A:$C, 2, FALSE)) -> Right skull half | Q43: =IFERROR(__xludf.DUMMYFUNCTION("IF(ISERROR(FILTER('Activity map'!$C:$C, ('Activity map'!$A:$A=$A43)*('Activity map'!$F:$F=FALSE))), 0, COUNTA(UNIQUE(FILTER('Activity map'!$C:$C, ('Activity map'!$A:$A=$A43)*('Activity map'!$F:$F=FALSE)))))"),1.0) -> 1 | R43: =IFERROR(__xludf.DUMMYFUNCTION("IF(ISERROR(FILTER('Activity map'!$C:$C, 'Activity map'!$A:$A=$A43)), 0, COUNTA(UNIQUE(FILTER('Activity map'!$C:$C, 'Activity map'!$A:$A=$A43))))"),1.0) -> 1 | S43: =1 - Q43/R43 -> 0 | T43: =IFERROR(__xludf.DUMMYFUNCTION("IF(ISERROR(FILTER('Activity map'!$E:$E, ('Activity map'!$A:$A=$A43)*('Activity map'!$F:$F=FALSE))), ""-"", MIN(UNIQUE(FILTER('Activity map'!$E:$E, ('Activity map'!$A:$A=$A43)*('Activity map'!$F:$F=FALSE)))))"),2.0) -> 2 | U43: =IF($N43=0, "-", VLOOKUP($N43, 'List of log slots'!$A:$C, 2, FALSE)) -> Right skull half
A44: 187 | B44: =VLOOKUP($A44, 'Completion rates'!$A:$E, 2, FALSE) -> Killing warped jellies | C44: =IF(Notes!$E$27, VLOOKUP($A44, 'Completion rates'!$A:$E, 4, FALSE), VLOOKUP($A44, 'Completion rates'!$A:$E, 3, FALSE)) -> 650 | D44: =VLOOKUP($A44, 'Completion rates'!$A:$E, 5, FALSE) -> 0 | E44: =IF(SUMIFS('Activity map'!$O:$O, 'Activity map'!$A:$A, A44, 'Activity map'!$H:$H, "=TRUE") = 0, "n/a", 1/SUMIFS('Activity map'!$O:$O, 'Activity map'!$A:$A, A44, 'Activity map'!$H:$H, "=TRUE")) -> 44.281497 | F44: =IF(OR(ISBLANK(C44), E44 = "n/a"), "", E44/C44 + D44) -> 0.068125379 | G44: =IF(MINIFS('Activity map'!$N:$N, 'Activity map'!$A:$A, A44, 'Activity map'!$H:$H, "=TRUE") = 0, "n/a", MINIFS('Activity map'!$N:$N, 'Activity map'!$A:$A, A44, 'Activity map'!$H:$H, "=TRUE")) -> n/a | H44: =IF(OR(ISBLANK(C44), G44 = "n/a"), "", G44/C44 + D44) | I44: =IF(MINIFS('Activity map'!$M:$M, 'Activity map'!$A:$A, A44, 'Activity map'!$H:$H, "=TRUE") = 0, "n/a", MINIFS('Activity map'!$M:$M, 'Activity map'!$A:$A, A44, 'Activity map'!$H:$H, "=TRUE")) -> n/a | J44: =IF(OR(ISBLANK(C44), I44 = "n/a"), "", I44/C44 + D44) | K44: =IF(MINIFS('Activity map'!$L:$L, 'Activity map'!$A:$A, A44, 'Activity map'!$H:$H, "=TRUE") = 0, "n/a", MINIFS('Activity map'!$L:$L, 'Activity map'!$A:$A, A44, 'Activity map'!$H:$H, "=TRUE")) -> n/a | L44: =IF(OR(ISBLANK(C44), K44 = "n/a"), "", K44/C44 + D44) | M44: =MINIFS('Activity map'!$C:$C, 'Activity map'!$A:$A, $A44, 'Activity map'!$H:$H, "=TRUE", 'Activity map'!$K:$K, MINIFS('Activity map'!$K:$K, 'Activity map'!$A:$A, $A44, 'Activity map'!$H:$H, "=TRUE")) -> 4127 | N44: =MINIFS('Activity map'!$C:$C, 'Activity map'!$A:$A, $A44, 'Activity map'!$H:$H, "=TRUE", 'Activity map'!$E:$E, $T44) -> 4127 | O44: =IF(MIN(F44,H44,J44,L44) = 0, "Done!", MIN(F44,H44,J44,L44) / 24) -> 0.0028385575 | P44: =IF($M44=0, "-", VLOOKUP($M44, 'List of log slots'!$A:$C, 2, FALSE)) -> Mithril boots | Q44: =IFERROR(__xludf.DUMMYFUNCTION("IF(ISERROR(FILTER('Activity map'!$C:$C, ('Activity map'!$A:$A=$A44)*('Activity map'!$F:$F=FALSE))), 0, COUNTA(UNIQUE(FILTER('Activity map'!$C:$C, ('Activity map'!$A:$A=$A44)*('Activity map'!$F:$F=FALSE)))))"),7.0) -> 7 | R44: =IFERROR(__xludf.DUMMYFUNCTION("IF(ISERROR(FILTER('Activity map'!$C:$C, 'Activity map'!$A:$A=$A44)), 0, COUNTA(UNIQUE(FILTER('Activity map'!$C:$C, 'Activity map'!$A:$A=$A44))))"),7.0) -> 7 | S44: =1 - Q44/R44 -> 0 | T44: =IFERROR(__xludf.DUMMYFUNCTION("IF(ISERROR(FILTER('Activity map'!$E:$E, ('Activity map'!$A:$A=$A44)*('Activity map'!$F:$F=FALSE))), ""-"", MIN(UNIQUE(FILTER('Activity map'!$E:$E, ('Activity map'!$A:$A=$A44)*('Activity map'!$F:$F=FALSE)))))"),3.0) -> 3 | U44: =IF($N44=0, "-", VLOOKUP($N44, 'List of log slots'!$A:$C, 2, FALSE)) -> Mithril boots
A45: 116 | B45: =VLOOKUP($A45, 'Completion rates'!$A:$E, 2, FALSE) -> Killing chompies | C45: =IF(Notes!$E$27, VLOOKUP($A45, 'Completion rates'!$A:$E, 4, FALSE), VLOOKUP($A45, 'Completion rates'!$A:$E, 3, FALSE)) -> 400 | D45: =VLOOKUP($A45, 'Completion rates'!$A:$E, 5, FALSE) -> 0 | E45: =IF(SUMIFS('Activity map'!$O:$O, 'Activity map'!$A:$A, A45, 'Activity map'!$H:$H, "=TRUE") = 0, "n/a", 1/SUMIFS('Activity map'!$O:$O, 'Activity map'!$A:$A, A45, 'Activity map'!$H:$H, "=TRUE")) -> 500 | F45: =IF(OR(ISBLANK(C45), E45 = "n/a"), "", E45/C45 + D45) -> 1.25 | G45: =IF(MINIFS('Activity map'!$N:$N, 'Activity map'!$A:$A, A45, 'Activity map'!$H:$H, "=TRUE") = 0, "n/a", MINIFS('Activity map'!$N:$N, 'Activity map'!$A:$A, A45, 'Activity map'!$H:$H, "=TRUE")) -> n/a | H45: =IF(OR(ISBLANK(C45), G45 = "n/a"), "", G45/C45 + D45) | I45: =IF(MINIFS('Activity map'!$M:$M, 'Activity map'!$A:$A, A45, 'Activity map'!$H:$H, "=TRUE") = 0, "n/a", MINIFS('Activity map'!$M:$M, 'Activity map'!$A:$A, A45, 'Activity map'!$H:$H, "=TRUE")) -> 30 | J45: =IF(OR(ISBLANK(C45), I45 = "n/a"), "", I45/C45 + D45) -> 0.075 | K45: =IF(MINIFS('Activity map'!$L:$L, 'Activity map'!$A:$A, A45, 'Activity map'!$H:$H, "=TRUE") = 0, "n/a", MINIFS('Activity map'!$L:$L, 'Activity map'!$A:$A, A45, 'Activity map'!$H:$H, "=TRUE")) -> n/a | L45: =IF(OR(ISBLANK(C45), K45 = "n/a"), "", K45/C45 + D45) | M45: =MINIFS('Activity map'!$C:$C, 'Activity map'!$A:$A, $A45, 'Activity map'!$H:$H, "=TRUE", 'Activity map'!$K:$K, MINIFS('Activity map'!$K:$K, 'Activity map'!$A:$A, $A45, 'Activity map'!$H:$H, "=TRUE")) -> 2978 | N45: =MINIFS('Activity map'!$C:$C, 'Activity map'!$A:$A, $A45, 'Activity map'!$H:$H, "=TRUE", 'Activity map'!$E:$E, $T45) -> 2978 | O45: =IF(MIN(F45,H45,J45,L45) = 0, "Done!", MIN(F45,H45,J45,L45) / 24) -> 0.003125 | P45: =IF($M45=0, "-", VLOOKUP($M45, 'List of log slots'!$A:$C, 2, FALSE)) -> Chompy bird hat | Q45: =IFERROR(__xludf.DUMMYFUNCTION("IF(ISERROR(FILTER('Activity map'!$C:$C, ('Activity map'!$A:$A=$A45)*('Activity map'!$F:$F=FALSE))), 0, COUNTA(UNIQUE(FILTER('Activity map'!$C:$C, ('Activity map'!$A:$A=$A45)*('Activity map'!$F:$F=FALSE)))))"),19.0) -> 19 | R45: =IFERROR(__xludf.DUMMYFUNCTION("IF(ISERROR(FILTER('Activity map'!$C:$C, 'Activity map'!$A:$A=$A45)), 0, COUNTA(UNIQUE(FILTER('Activity map'!$C:$C, 'Activity map'!$A:$A=$A45))))"),19.0) -> 19 | S45: =1 - Q45/R45 -> 0 | T45: =IFERROR(__xludf.DUMMYFUNCTION("IF(ISERROR(FILTER('Activity map'!$E:$E, ('Activity map'!$A:$A=$A45)*('Activity map'!$F:$F=FALSE))), ""-"", MIN(UNIQUE(FILTER('Activity map'!$E:$E, ('Activity map'!$A:$A=$A45)*('Activity map'!$F:$F=FALSE)))))"),2.0) -> 2 | U45: =IF($N45=0, "-", VLOOKUP($N45, 'List of log slots'!$A:$C, 2, FALSE)) -> Chompy bird hat
A46: 130 | B46: =VLOOKUP($A46, 'Completion rates'!$A:$E, 2, FALSE) -> Exploring sailing islands | C46: =IF(Notes!$E$27, VLOOKUP($A46, 'Completion rates'!$A:$E, 4, FALSE), VLOOKUP($A46, 'Completion rates'!$A:$E, 3, FALSE)) -> 12 | D46: =VLOOKUP($A46, 'Completion rates'!$A:$E, 5, FALSE) -> 0 | E46: =IF(SUMIFS('Activity map'!$O:$O, 'Activity map'!$A:$A, A46, 'Activity map'!$H:$H, "=TRUE") = 0, "n/a", 1/SUMIFS('Activity map'!$O:$O, 'Activity map'!$A:$A, A46, 'Activity map'!$H:$H, "=TRUE")) -> n/a | F46: =IF(OR(ISBLANK(C46), E46 = "n/a"), "", E46/C46 + D46) | G46: =IF(MINIFS('Activity map'!$N:$N, 'Activity map'!$A:$A, A46, 'Activity map'!$H:$H, "=TRUE") = 0, "n/a", MINIFS('Activity map'!$N:$N, 'Activity map'!$A:$A, A46, 'Activity map'!$H:$H, "=TRUE")) -> n/a | H46: =IF(OR(ISBLANK(C46), G46 = "n/a"), "", G46/C46 + D46) | I46: =IF(MINIFS('Activity map'!$M:$M, 'Activity map'!$A:$A, A46, 'Activity map'!$H:$H, "=TRUE") = 0, "n/a", MINIFS('Activity map'!$M:$M, 'Activity map'!$A:$A, A46, 'Activity map'!$H:$H, "=TRUE")) -> n/a | J46: =IF(OR(ISBLANK(C46), I46 = "n/a"), "", I46/C46 + D46) | K46: =IF(MINIFS('Activity map'!$L:$L, 'Activity map'!$A:$A, A46, 'Activity map'!$H:$H, "=TRUE") = 0, "n/a", MINIFS('Activity map'!$L:$L, 'Activity map'!$A:$A, A46, 'Activity map'!$H:$H, "=TRUE")) -> 1 | L46: =IF(OR(ISBLANK(C46), K46 = "n/a"), "", K46/C46 + D46) -> 0.083333333 | M46: =MINIFS('Activity map'!$C:$C, 'Activity map'!$A:$A, $A46, 'Activity map'!$H:$H, "=TRUE", 'Activity map'!$K:$K, MINIFS('Activity map'!$K:$K, 'Activity map'!$A:$A, $A46, 'Activity map'!$H:$H, "=TRUE")) -> 32102 | N46: =MINIFS('Activity map'!$C:$C, 'Activity map'!$A:$A, $A46, 'Activity map'!$H:$H, "=TRUE", 'Activity map'!$E:$E, $T46) -> 32104 | O46: =IF(MIN(F46,H46,J46,L46) = 0, "Done!", MIN(F46,H46,J46,L46) / 24) -> 0.0034722222 | P46: =IF($M46=0, "-", VLOOKUP($M46, 'List of log slots'!$A:$C, 2, FALSE)) -> Armadylean paint | Q46: =IFERROR(__xludf.DUMMYFUNCTION("IF(ISERROR(FILTER('Activity map'!$C:$C, ('Activity map'!$A:$A=$A46)*('Activity map'!$F:$F=FALSE))), 0, COUNTA(UNIQUE(FILTER('Activity map'!$C:$C, ('Activity map'!$A:$A=$A46)*('Activity map'!$F:$F=FALSE)))))"),24.0) -> 24 | R46: =IFERROR(__xludf.DUMMYFUNCTION("IF(ISERROR(FILTER('Activity map'!$C:$C, 'Activity map'!$A:$A=$A46)), 0, COUNTA(UNIQUE(FILTER('Activity map'!$C:$C, 'Activity map'!$A:$A=$A46))))"),24.0) -> 24 | S46: =1 - Q46/R46 -> 0 | T46: =IFERROR(__xludf.DUMMYFUNCTION("IF(ISERROR(FILTER('Activity map'!$E:$E, ('Activity map'!$A:$A=$A46)*('Activity map'!$F:$F=FALSE))), ""-"", MIN(UNIQUE(FILTER('Activity map'!$E:$E, ('Activity map'!$A:$A=$A46)*('Activity map'!$F:$F=FALSE)))))"),2.0) -> 2 | U46: =IF($N46=0, "-", VLOOKUP($N46, 'List of log slots'!$A:$C, 2, FALSE)) -> Zamorakian paint
A47: 235 | B47: =VLOOKUP($A47, 'Completion rates'!$A:$E, 2, FALSE) -> Killing flesh crawlers (stronghold of security) | C47: =IF(Notes!$E$27, VLOOKUP($A47, 'Completion rates'!$A:$E, 4, FALSE), VLOOKUP($A47, 'Completion rates'!$A:$E, 3, FALSE)) -> 400 | D47: =VLOOKUP($A47, 'Completion rates'!$A:$E, 5, FALSE) -> 0 | E47: =IF(SUMIFS('Activity map'!$O:$O, 'Activity map'!$A:$A, A47, 'Activity map'!$H:$H, "=TRUE") = 0, "n/a", 1/SUMIFS('Activity map'!$O:$O, 'Activity map'!$A:$A, A47, 'Activity map'!$H:$H, "=TRUE")) -> 34 | F47: =IF(OR(ISBLANK(C47), E47 = "n/a"), "", E47/C47 + D47) -> 0.085 | G47: =IF(MINIFS('Activity map'!$N:$N, 'Activity map'!$A:$A, A47, 'Activity map'!$H:$H, "=TRUE") = 0, "n/a", MINIFS('Activity map'!$N:$N, 'Activity map'!$A:$A, A47, 'Activity map'!$H:$H, "=TRUE")) -> n/a | H47: =IF(OR(ISBLANK(C47), G47 = "n/a"), "", G47/C47 + D47) | I47: =IF(MINIFS('Activity map'!$M:$M, 'Activity map'!$A:$A, A47, 'Activity map'!$H:$H, "=TRUE") = 0, "n/a", MINIFS('Activity map'!$M:$M, 'Activity map'!$A:$A, A47, 'Activity map'!$H:$H, "=TRUE")) -> n/a | J47: =IF(OR(ISBLANK(C47), I47 = "n/a"), "", I47/C47 + D47) | K47: =IF(MINIFS('Activity map'!$L:$L, 'Activity map'!$A:$A, A47, 'Activity map'!$H:$H, "=TRUE") = 0, "n/a", MINIFS('Activity map'!$L:$L, 'Activity map'!$A:$A, A47, 'Activity map'!$H:$H, "=TRUE")) -> n/a | L47: =IF(OR(ISBLANK(C47), K47 = "n/a"), "", K47/C47 + D47) | M47: =MINIFS('Activity map'!$C:$C, 'Activity map'!$A:$A, $A47, 'Activity map'!$H:$H, "=TRUE", 'Activity map'!$K:$K, MINIFS('Activity map'!$K:$K, 'Activity map'!$A:$A, $A47, 'Activity map'!$H:$H, "=TRUE")) -> 9011 | N47: =MINIFS('Activity map'!$C:$C, 'Activity map'!$A:$A, $A47, 'Activity map'!$H:$H, "=TRUE", 'Activity map'!$E:$E, $T47) -> 9011 | O47: =IF(MIN(F47,H47,J47,L47) = 0, "Done!", MIN(F47,H47,J47,L47) / 24) -> 0.0035416667 | P47: =IF($M47=0, "-", VLOOKUP($M47, 'List of log slots'!$A:$C, 2, FALSE)) -> Bottom of sceptre | Q47: =IFERROR(__xludf.DUMMYFUNCTION("IF(ISERROR(FILTER('Activity map'!$C:$C, ('Activity map'!$A:$A=$A47)*('Activity map'!$F:$F=FALSE))), 0, COUNTA(UNIQUE(FILTER('Activity map'!$C:$C, ('Activity map'!$A:$A=$A47)*('Activity map'!$F:$F=FALSE)))))"),1.0) -> 1 | R47: =IFERROR(__xludf.DUMMYFUNCTION("IF(ISERROR(FILTER('Activity map'!$C:$C, 'Activity map'!$A:$A=$A47)), 0, COUNTA(UNIQUE(FILTER('Activity map'!$C:$C, 'Activity map'!$A:$A=$A47))))"),1.0) -> 1 | S47: =1 - Q47/R47 -> 0 | T47: =IFERROR(__xludf.DUMMYFUNCTION("IF(ISERROR(FILTER('Activity map'!$E:$E, ('Activity map'!$A:$A=$A47)*('Activity map'!$F:$F=FALSE))), ""-"", MIN(UNIQUE(FILTER('Activity map'!$E:$E, ('Activity map'!$A:$A=$A47)*('Activity map'!$F:$F=FALSE)))))"),2.0) -> 2 | U47: =IF($N47=0, "-", VLOOKUP($N47, 'List of log slots'!$A:$C, 2, FALSE)) -> Bottom of sceptre
A48: 90 | B48: =VLOOKUP($A48, 'Completion rates'!$A:$E, 2, FALSE) -> Earning mahogany homes carpenter points | C48: =IF(Notes!$E$27, VLOOKUP($A48, 'Completion rates'!$A:$E, 4, FALSE), VLOOKUP($A48, 'Completion rates'!$A:$E, 3, FALSE)) -> 285 | D48: =VLOOKUP($A48, 'Completion rates'!$A:$E, 5, FALSE) -> 0 | E48: =IF(SUMIFS('Activity map'!$O:$O, 'Activity map'!$A:$A, A48, 'Activity map'!$H:$H, "=TRUE") = 0, "n/a", 1/SUMIFS('Activity map'!$O:$O, 'Activity map'!$A:$A, A48, 'Activity map'!$H:$H, "=TRUE")) -> n/a | F48: =IF(OR(ISBLANK(C48), E48 = "n/a"), "", E48/C48 + D48) | G48: =IF(MINIFS('Activity map'!$N:$N, 'Activity map'!$A:$A, A48, 'Activity map'!$H:$H, "=TRUE") = 0, "n/a", MINIFS('Activity map'!$N:$N, 'Activity map'!$A:$A, A48, 'Activity map'!$H:$H, "=TRUE")) -> n/a | H48: =IF(OR(ISBLANK(C48), G48 = "n/a"), "", G48/C48 + D48) | I48: =IF(MINIFS('Activity map'!$M:$M, 'Activity map'!$A:$A, A48, 'Activity map'!$H:$H, "=TRUE") = 0, "n/a", MINIFS('Activity map'!$M:$M, 'Activity map'!$A:$A, A48, 'Activity map'!$H:$H, "=TRUE")) -> n/a | J48: =IF(OR(ISBLANK(C48), I48 = "n/a"), "", I48/C48 + D48) | K48: =IF(MINIFS('Activity map'!$L:$L, 'Activity map'!$A:$A, A48, 'Activity map'!$H:$H, "=TRUE") = 0, "n/a", MINIFS('Activity map'!$L:$L, 'Activity map'!$A:$A, A48, 'Activity map'!$H:$H, "=TRUE")) -> 25 | L48: =IF(OR(ISBLANK(C48), K48 = "n/a"), "", K48/C48 + D48) -> 0.087719298 | M48: =MINIFS('Activity map'!$C:$C, 'Activity map'!$A:$A, $A48, 'Activity map'!$H:$H, "=TRUE", 'Activity map'!$K:$K, MINIFS('Activity map'!$K:$K, 'Activity map'!$A:$A, $A48, 'Activity map'!$H:$H, "=TRUE")) -> 24884 | N48: =MINIFS('Activity map'!$C:$C, 'Activity map'!$A:$A, $A48, 'Activity map'!$H:$H, "=TRUE", 'Activity map'!$E:$E, $T48) -> 24884 | O48: =IF(MIN(F48,H48,J48,L48) = 0, "Done!", MIN(F48,H48,J48,L48) / 24) -> 0.0036549708 | P48: =IF($M48=0, "-", VLOOKUP($M48, 'List of log slots'!$A:$C, 2, FALSE)) -> Supply crate | Q48: =IFERROR(__xludf.DUMMYFUNCTION("IF(ISERROR(FILTER('Activity map'!$C:$C, ('Activity map'!$A:$A=$A48)*('Activity map'!$F:$F=FALSE))), 0, COUNTA(UNIQUE(FILTER('Activity map'!$C:$C, ('Activity map'!$A:$A=$A48)*('Activity map'!$F:$F=FALSE)))))"),8.0) -> 8 | R48: =IFERROR(__xludf.DUMMYFUNCTION("IF(ISERROR(FILTER('Activity map'!$C:$C, 'Activity map'!$A:$A=$A48)), 0, COUNTA(UNIQUE(FILTER('Activity map'!$C:$C, 'Activity map'!$A:$A=$A48))))"),8.0) -> 8 | S48: =1 - Q48/R48 -> 0 | T48: =IFERROR(__xludf.DUMMYFUNCTION("IF(ISERROR(FILTER('Activity map'!$E:$E, ('Activity map'!$A:$A=$A48)*('Activity map'!$F:$F=FALSE))), ""-"", MIN(UNIQUE(FILTER('Activity map'!$E:$E, ('Activity map'!$A:$A=$A48)*('Activity map'!$F:$F=FALSE)))))"),3.0) -> 3 | U48: =IF($N48=0, "-", VLOOKUP($N48, 'List of log slots'!$A:$C, 2, FALSE)) -> Supply crate
A49: 143 | B49: =VLOOKUP($A49, 'Completion rates'!$A:$E, 2, FALSE) -> Killing stingray (boat combat) | C49: =IF(Notes!$E$27, VLOOKUP($A49, 'Completion rates'!$A:$E, 4, FALSE), VLOOKUP($A49, 'Completion rates'!$A:$E, 3, FALSE)) -> 250 | D49: =VLOOKUP($A49, 'Completion rates'!$A:$E, 5, FALSE) -> 0 | E49: =IF(SUMIFS('Activity map'!$O:$O, 'Activity map'!$A:$A, A49, 'Activity map'!$H:$H, "=TRUE") = 0, "n/a", 1/SUMIFS('Activity map'!$O:$O, 'Activity map'!$A:$A, A49, 'Activity map'!$H:$H, "=TRUE")) -> 23 | F49: =IF(OR(ISBLANK(C49), E49 = "n/a"), "", E49/C49 + D49) -> 0.092 | G49: =IF(MINIFS('Activity map'!$N:$N, 'Activity map'!$A:$A, A49, 'Activity map'!$H:$H, "=TRUE") = 0, "n/a", MINIFS('Activity map'!$N:$N, 'Activity map'!$A:$A, A49, 'Activity map'!$H:$H, "=TRUE")) -> n/a | H49: =IF(OR(ISBLANK(C49), G49 = "n/a"), "", G49/C49 + D49) | I49: =IF(MINIFS('Activity map'!$M:$M, 'Activity map'!$A:$A, A49, 'Activity map'!$H:$H, "=TRUE") = 0, "n/a", MINIFS('Activity map'!$M:$M, 'Activity map'!$A:$A, A49, 'Activity map'!$H:$H, "=TRUE")) -> n/a | J49: =IF(OR(ISBLANK(C49), I49 = "n/a"), "", I49/C49 + D49) | K49: =IF(MINIFS('Activity map'!$L:$L, 'Activity map'!$A:$A, A49, 'Activity map'!$H:$H, "=TRUE") = 0, "n/a", MINIFS('Activity map'!$L:$L, 'Activity map'!$A:$A, A49, 'Activity map'!$H:$H, "=TRUE")) -> n/a | L49: =IF(OR(ISBLANK(C49), K49 = "n/a"), "", K49/C49 + D49) | M49: =MINIFS('Activity map'!$C:$C, 'Activity map'!$A:$A, $A49, 'Activity map'!$H:$H, "=TRUE", 'Activity map'!$K:$K, MINIFS('Activity map'!$K:$K, 'Activity map'!$A:$A, $A49, 'Activity map'!$H:$H, "=TRUE")) -> 31959 | N49: =MINIFS('Activity map'!$C:$C, 'Activity map'!$A:$A, $A49, 'Activity map'!$H:$H, "=TRUE", 'Activity map'!$E:$E, $T49) -> 31959 | O49: =IF(MIN(F49,H49,J49,L49) = 0, "Done!", MIN(F49,H49,J49,L49) / 24) -> 0.0038333333 | P49: =IF($M49=0, "-", VLOOKUP($M49, 'List of log slots'!$A:$C, 2, FALSE)) -> Ray barbs | Q49: =IFERROR(__xludf.DUMMYFUNCTION("IF(ISERROR(FILTER('Activity map'!$C:$C, ('Activity map'!$A:$A=$A49)*('Activity map'!$F:$F=FALSE))), 0, COUNTA(UNIQUE(FILTER('Activity map'!$C:$C, ('Activity map'!$A:$A=$A49)*('Activity map'!$F:$F=FALSE)))))"),1.0) -> 1 | R49: =IFERROR(__xludf.DUMMYFUNCTION("IF(ISERROR(FILTER('Activity map'!$C:$C, 'Activity map'!$A:$A=$A49)), 0, COUNTA(UNIQUE(FILTER('Activity map'!$C:$C, 'Activity map'!$A:$A=$A49))))"),1.0) -> 1 | S49: =1 - Q49/R49 -> 0 | T49: =IFERROR(__xludf.DUMMYFUNCTION("IF(ISERROR(FILTER('Activity map'!$E:$E, ('Activity map'!$A:$A=$A49)*('Activity map'!$F:$F=FALSE))), ""-"", MIN(UNIQUE(FILTER('Activity map'!$E:$E, ('Activity map'!$A:$A=$A49)*('Activity map'!$F:$F=FALSE)))))"),2.0) -> 2 | U49: =IF($N49=0, "-", VLOOKUP($N49, 'List of log slots'!$A:$C, 2, FALSE)) -> Ray barbs
A50: 96 | B50: =VLOOKUP($A50, 'Completion rates'!$A:$E, 2, FALSE) -> Finding lumberjack zombie events (temple trekking) | C50: =IF(Notes!$E$27, VLOOKUP($A50, 'Completion rates'!$A:$E, 4, FALSE), VLOOKUP($A50, 'Completion rates'!$A:$E, 3, FALSE)) -> 10 | D50: =VLOOKUP($A50, 'Completion rates'!$A:$E, 5, FALSE) -> 0 | E50: =IF(SUMIFS('Activity map'!$O:$O, 'Activity map'!$A:$A, A50, 'Activity map'!$H:$H, "=TRUE") = 0, "n/a", 1/SUMIFS('Activity map'!$O:$O, 'Activity map'!$A:$A, A50, 'Activity map'!$H:$H, "=TRUE")) -> n/a | F50: =IF(OR(ISBLANK(C50), E50 = "n/a"), "", E50/C50 + D50) | G50: =IF(MINIFS('Activity map'!$N:$N, 'Activity map'!$A:$A, A50, 'Activity map'!$H:$H, "=TRUE") = 0, "n/a", MINIFS('Activity map'!$N:$N, 'Activity map'!$A:$A, A50, 'Activity map'!$H:$H, "=TRUE")) -> n/a | H50: =IF(OR(ISBLANK(C50), G50 = "n/a"), "", G50/C50 + D50) | I50: =IF(MINIFS('Activity map'!$M:$M, 'Activity map'!$A:$A, A50, 'Activity map'!$H:$H, "=TRUE") = 0, "n/a", MINIFS('Activity map'!$M:$M, 'Activity map'!$A:$A, A50, 'Activity map'!$H:$H, "=TRUE")) -> 1 | J50: =IF(OR(ISBLANK(C50), I50 = "n/a"), "", I50/C50 + D50) -> 0.1 | K50: =IF(MINIFS('Activity map'!$L:$L, 'Activity map'!$A:$A, A50, 'Activity map'!$H:$H, "=TRUE") = 0, "n/a", MINIFS('Activity map'!$L:$L, 'Activity map'!$A:$A, A50, 'Activity map'!$H:$H, "=TRUE")) -> n/a | L50: =IF(OR(ISBLANK(C50), K50 = "n/a"), "", K50/C50 + D50) | M50: =MINIFS('Activity map'!$C:$C, 'Activity map'!$A:$A, $A50, 'Activity map'!$H:$H, "=TRUE", 'Activity map'!$K:$K, MINIFS('Activity map'!$K:$K, 'Activity map'!$A:$A, $A50, 'Activity map'!$H:$H, "=TRUE")) -> 10941 | N50: =MINIFS('Activity map'!$C:$C, 'Activity map'!$A:$A, $A50, 'Activity map'!$H:$H, "=TRUE", 'Activity map'!$E:$E, $T50) -> 10941 | O50: =IF(MIN(F50,H50,J50,L50) = 0, "Done!", MIN(F50,H50,J50,L50) / 24) -> 0.0041666667 | P50: =IF($M50=0, "-", VLOOKUP($M50, 'List of log slots'!$A:$C, 2, FALSE)) -> Lumberjack hat | Q50: =IFERROR(__xludf.DUMMYFUNCTION("IF(ISERROR(FILTER('Activity map'!$C:$C, ('Activity map'!$A:$A=$A50)*('Activity map'!$F:$F=FALSE))), 0, COUNTA(UNIQUE(FILTER('Activity map'!$C:$C, ('Activity map'!$A:$A=$A50)*('Activity map'!$F:$F=FALSE)))))"),4.0) -> 4 | R50: =IFERROR(__xludf.DUMMYFUNCTION("IF(ISERROR(FILTER('Activity map'!$C:$C, 'Activity map'!$A:$A=$A50)), 0, COUNTA(UNIQUE(FILTER('Activity map'!$C:$C, 'Activity map'!$A:$A=$A50))))"),4.0) -> 4 | S50: =1 - Q50/R50 -> 0 | T50: =IFERROR(__xludf.DUMMYFUNCTION("IF(ISERROR(FILTER('Activity map'!$E:$E, ('Activity map'!$A:$A=$A50)*('Activity map'!$F:$F=FALSE))), ""-"", MIN(UNIQUE(FILTER('Activity map'!$E:$E, ('Activity map'!$A:$A=$A50)*('Activity map'!$F:$F=FALSE)))))"),2.0) -> 2 | U50: =IF($N50=0, "-", VLOOKUP($N50, 'List of log slots'!$A:$C, 2, FALSE)) -> Lumberjack hat
A51: 239 | B51: =VLOOKUP($A51, 'Completion rates'!$A:$E, 2, FALSE) -> Killing hill giants | C51: =IF(Notes!$E$27, VLOOKUP($A51, 'Completion rates'!$A:$E, 4, FALSE), VLOOKUP($A51, 'Completion rates'!$A:$E, 3, FALSE)) -> 900 | D51: =VLOOKUP($A51, 'Completion rates'!$A:$E, 5, FALSE) -> 0 | E51: =IF(SUMIFS('Activity map'!$O:$O, 'Activity map'!$A:$A, A51, 'Activity map'!$H:$H, "=TRUE") = 0, "n/a", 1/SUMIFS('Activity map'!$O:$O, 'Activity map'!$A:$A, A51, 'Activity map'!$H:$H, "=TRUE")) -> 92.655939 | F51: =IF(OR(ISBLANK(C51), E51 = "n/a"), "", E51/C51 + D51) -> 0.10295104 | G51: =IF(MINIFS('Activity map'!$N:$N, 'Activity map'!$A:$A, A51, 'Activity map'!$H:$H, "=TRUE") = 0, "n/a", MINIFS('Activity map'!$N:$N, 'Activity map'!$A:$A, A51, 'Activity map'!$H:$H, "=TRUE")) -> n/a | H51: =IF(OR(ISBLANK(C51), G51 = "n/a"), "", G51/C51 + D51) | I51: =IF(MINIFS('Activity map'!$M:$M, 'Activity map'!$A:$A, A51, 'Activity map'!$H:$H, "=TRUE") = 0, "n/a", MINIFS('Activity map'!$M:$M, 'Activity map'!$A:$A, A51, 'Activity map'!$H:$H, "=TRUE")) -> n/a | J51: =IF(OR(ISBLANK(C51), I51 = "n/a"), "", I51/C51 + D51) | K51: =IF(MINIFS('Activity map'!$L:$L, 'Activity map'!$A:$A, A51, 'Activity map'!$H:$H, "=TRUE") = 0, "n/a", MINIFS('Activity map'!$L:$L, 'Activity map'!$A:$A, A51, 'Activity map'!$H:$H, "=TRUE")) -> n/a | L51: =IF(OR(ISBLANK(C51), K51 = "n/a"), "", K51/C51 + D51) | M51: =MINIFS('Activity map'!$C:$C, 'Activity map'!$A:$A, $A51, 'Activity map'!$H:$H, "=TRUE", 'Activity map'!$K:$K, MINIFS('Activity map'!$K:$K, 'Activity map'!$A:$A, $A51, 'Activity map'!$H:$H, "=TRUE")) -> 20754 | N51: =MINIFS('Activity map'!$C:$C, 'Activity map'!$A:$A, $A51, 'Activity map'!$H:$H, "=TRUE", 'Activity map'!$E:$E, $T51) -> 20754 | O51: =IF(MIN(F51,H51,J51,L51) = 0, "Done!", MIN(F51,H51,J51,L51) / 24) -> 0.0042896268 | P51: =IF($M51=0, "-", VLOOKUP($M51, 'List of log slots'!$A:$C, 2, FALSE)) -> Giant key | Q51: =IFERROR(__xludf.DUMMYFUNCTION("IF(ISERROR(FILTER('Activity map'!$C:$C, ('Activity map'!$A:$A=$A51)*('Activity map'!$F:$F=FALSE))), 0, COUNTA(UNIQUE(FILTER('Activity map'!$C:$C, ('Activity map'!$A:$A=$A51)*('Activity map'!$F:$F=FALSE)))))"),7.0) -> 7 | R51: =IFERROR(__xludf.DUMMYFUNCTION("IF(ISERROR(FILTER('Activity map'!$C:$C, 'Activity map'!$A:$A=$A51)), 0, COUNTA(UNIQUE(FILTER('Activity map'!$C:$C, 'Activity map'!$A:$A=$A51))))"),7.0) -> 7 | S51: =1 - Q51/R51 -> 0 | T51: =IFERROR(__xludf.DUMMYFUNCTION("IF(ISERROR(FILTER('Activity map'!$E:$E, ('Activity map'!$A:$A=$A51)*('Activity map'!$F:$F=FALSE))), ""-"", MIN(UNIQUE(FILTER('Activity map'!$E:$E, ('Activity map'!$A:$A=$A51)*('Activity map'!$F:$F=FALSE)))))"),2.0) -> 2 | U51: =IF($N51=0, "-", VLOOKUP($N51, 'List of log slots'!$A:$C, 2, FALSE)) -> Giant key
A52: 246 | B52: =VLOOKUP($A52, 'Completion rates'!$A:$E, 2, FALSE) -> Opening the elven crystal chest | C52: =IF(Notes!$E$27, VLOOKUP($A52, 'Completion rates'!$A:$E, 4, FALSE), VLOOKUP($A52, 'Completion rates'!$A:$E, 3, FALSE)) -> 1500 | D52: =VLOOKUP($A52, 'Completion rates'!$A:$E, 5, FALSE) -> 0 | E52: =IF(SUMIFS('Activity map'!$O:$O, 'Activity map'!$A:$A, A52, 'Activity map'!$H:$H, "=TRUE") = 0, "n/a", 1/SUMIFS('Activity map'!$O:$O, 'Activity map'!$A:$A, A52, 'Activity map'!$H:$H, "=TRUE")) -> 166.49324 | F52: =IF(OR(ISBLANK(C52), E52 = "n/a"), "", E52/C52 + D52) -> 0.11099549 | G52: =IF(MINIFS('Activity map'!$N:$N, 'Activity map'!$A:$A, A52, 'Activity map'!$H:$H, "=TRUE") = 0, "n/a", MINIFS('Activity map'!$N:$N, 'Activity map'!$A:$A, A52, 'Activity map'!$H:$H, "=TRUE")) -> n/a | H52: =IF(OR(ISBLANK(C52), G52 = "n/a"), "", G52/C52 + D52) | I52: =IF(MINIFS('Activity map'!$M:$M, 'Activity map'!$A:$A, A52, 'Activity map'!$H:$H, "=TRUE") = 0, "n/a", MINIFS('Activity map'!$M:$M, 'Activity map'!$A:$A, A52, 'Activity map'!$H:$H, "=TRUE")) -> n/a | J52: =IF(OR(ISBLANK(C52), I52 = "n/a"), "", I52/C52 + D52) | K52: =IF(MINIFS('Activity map'!$L:$L, 'Activity map'!$A:$A, A52, 'Activity map'!$H:$H, "=TRUE") = 0, "n/a", MINIFS('Activity map'!$L:$L, 'Activity map'!$A:$A, A52, 'Activity map'!$H:$H, "=TRUE")) -> n/a | L52: =IF(OR(ISBLANK(C52), K52 = "n/a"), "", K52/C52 + D52) | M52: =MINIFS('Activity map'!$C:$C, 'Activity map'!$A:$A, $A52, 'Activity map'!$H:$H, "=TRUE", 'Activity map'!$K:$K, MINIFS('Activity map'!$K:$K, 'Activity map'!$A:$A, $A52, 'Activity map'!$H:$H, "=TRUE")) -> 2366 | N52: =MINIFS('Activity map'!$C:$C, 'Activity map'!$A:$A, $A52, 'Activity map'!$H:$H, "=TRUE", 'Activity map'!$E:$E, $T52) -> 2366 | O52: =IF(MIN(F52,H52,J52,L52) = 0, "Done!", MIN(F52,H52,J52,L52) / 24) -> 0.0046248121 | P52: =IF($M52=0, "-", VLOOKUP($M52, 'List of log slots'!$A:$C, 2, FALSE)) -> Shield left half | Q52: =IFERROR(__xludf.DUMMYFUNCTION("IF(ISERROR(FILTER('Activity map'!$C:$C, ('Activity map'!$A:$A=$A52)*('Activity map'!$F:$F=FALSE))), 0, COUNTA(UNIQUE(FILTER('Activity map'!$C:$C, ('Activity map'!$A:$A=$A52)*('Activity map'!$F:$F=FALSE)))))"),7.0) -> 7 | R52: =IFERROR(__xludf.DUMMYFUNCTION("IF(ISERROR(FILTER('Activity map'!$C:$C, 'Activity map'!$A:$A=$A52)), 0, COUNTA(UNIQUE(FILTER('Activity map'!$C:$C, 'Activity map'!$A:$A=$A52))))"),7.0) -> 7 | S52: =1 - Q52/R52 -> 0 | T52: =IFERROR(__xludf.DUMMYFUNCTION("IF(ISERROR(FILTER('Activity map'!$E:$E, ('Activity map'!$A:$A=$A52)*('Activity map'!$F:$F=FALSE))), ""-"", MIN(UNIQUE(FILTER('Activity map'!$E:$E, ('Activity map'!$A:$A=$A52)*('Activity map'!$F:$F=FALSE)))))"),5.0) -> 5 | U52: =IF($N52=0, "-", VLOOKUP($N52, 'List of log slots'!$A:$C, 2, FALSE)) -> Shield left half
A53: 34 | B53: =VLOOKUP($A53, 'Completion rates'!$A:$E, 2, FALSE) -> Killing eclipse moon (moons of peril) | C53: =IF(Notes!$E$27, VLOOKUP($A53, 'Completion rates'!$A:$E, 4, FALSE), VLOOKUP($A53, 'Completion rates'!$A:$E, 3, FALSE)) -> 18 | D53: =VLOOKUP($A53, 'Completion rates'!$A:$E, 5, FALSE) -> 0 | E53: =IF(SUMIFS('Activity map'!$O:$O, 'Activity map'!$A:$A, A53, 'Activity map'!$H:$H, "=TRUE") = 0, "n/a", 1/SUMIFS('Activity map'!$O:$O, 'Activity map'!$A:$A, A53, 'Activity map'!$H:$H, "=TRUE")) -> 2 | F53: =IF(OR(ISBLANK(C53), E53 = "n/a"), "", E53/C53 + D53) -> 0.11111111 | G53: =IF(MINIFS('Activity map'!$N:$N, 'Activity map'!$A:$A, A53, 'Activity map'!$H:$H, "=TRUE") = 0, "n/a", MINIFS('Activity map'!$N:$N, 'Activity map'!$A:$A, A53, 'Activity map'!$H:$H, "=TRUE")) -> 56 | H53: =IF(OR(ISBLANK(C53), G53 = "n/a"), "", G53/C53 + D53) -> 3.1111111 | I53: =IF(MINIFS('Activity map'!$M:$M, 'Activity map'!$A:$A, A53, 'Activity map'!$H:$H, "=TRUE") = 0, "n/a", MINIFS('Activity map'!$M:$M, 'Activity map'!$A:$A, A53, 'Activity map'!$H:$H, "=TRUE")) -> n/a | J53: =IF(OR(ISBLANK(C53), I53 = "n/a"), "", I53/C53 + D53) | K53: =IF(MINIFS('Activity map'!$L:$L, 'Activity map'!$A:$A, A53, 'Activity map'!$H:$H, "=TRUE") = 0, "n/a", MINIFS('Activity map'!$L:$L, 'Activity map'!$A:$A, A53, 'Activity map'!$H:$H, "=TRUE")) -> n/a | L53: =IF(OR(ISBLANK(C53), K53 = "n/a"), "", K53/C53 + D53) | M53: =MINIFS('Activity map'!$C:$C, 'Activity map'!$A:$A, $A53, 'Activity map'!$H:$H, "=TRUE", 'Activity map'!$K:$K, MINIFS('Activity map'!$K:$K, 'Activity map'!$A:$A, $A53, 'Activity map'!$H:$H, "=TRUE")) -> 28991 | N53: =MINIFS('Activity map'!$C:$C, 'Activity map'!$A:$A, $A53, 'Activity map'!$H:$H, "=TRUE", 'Activity map'!$E:$E, $T53) -> 28991 | O53: =IF(MIN(F53,H53,J53,L53) = 0, "Done!", MIN(F53,H53,J53,L53) / 24) -> 0.0046296296 | P53: =IF($M53=0, "-", VLOOKUP($M53, 'List of log slots'!$A:$C, 2, FALSE)) -> Atlatl dart | Q53: =IFERROR(__xludf.DUMMYFUNCTION("IF(ISERROR(FILTER('Activity map'!$C:$C, ('Activity map'!$A:$A=$A53)*('Activity map'!$F:$F=FALSE))), 0, COUNTA(UNIQUE(FILTER('Activity map'!$C:$C, ('Activity map'!$A:$A=$A53)*('Activity map'!$F:$F=FALSE)))))"),5.0) -> 5 | R53: =IFERROR(__xludf.DUMMYFUNCTION("IF(ISERROR(FILTER('Activity map'!$C:$C, 'Activity map'!$A:$A=$A53)), 0, COUNTA(UNIQUE(FILTER('Activity map'!$C:$C, 'Activity map'!$A:$A=$A53))))"),5.0) -> 5 | S53: =1 - Q53/R53 -> 0 | T53: =IFERROR(__xludf.DUMMYFUNCTION("IF(ISERROR(FILTER('Activity map'!$E:$E, ('Activity map'!$A:$A=$A53)*('Activity map'!$F:$F=FALSE))), ""-"", MIN(UNIQUE(FILTER('Activity map'!$E:$E, ('Activity map'!$A:$A=$A53)*('Activity map'!$F:$F=FALSE)))))"),4.0) -> 4 | U53: =IF($N53=0, "-", VLOOKUP($N53, 'List of log slots'!$A:$C, 2, FALSE)) -> Atlatl dart
A54: 35 | B54: =VLOOKUP($A54, 'Completion rates'!$A:$E, 2, FALSE) -> Killing blue moon (moons of peril) | C54: =IF(Notes!$E$27, VLOOKUP($A54, 'Completion rates'!$A:$E, 4, FALSE), VLOOKUP($A54, 'Completion rates'!$A:$E, 3, FALSE)) -> 18 | D54: =VLOOKUP($A54, 'Completion rates'!$A:$E, 5, FALSE) -> 0 | E54: =IF(SUMIFS('Activity map'!$O:$O, 'Activity map'!$A:$A, A54, 'Activity map'!$H:$H, "=TRUE") = 0, "n/a", 1/SUMIFS('Activity map'!$O:$O, 'Activity map'!$A:$A, A54, 'Activity map'!$H:$H, "=TRUE")) -> 2 | F54: =IF(OR(ISBLANK(C54), E54 = "n/a"), "", E54/C54 + D54) -> 0.11111111 | G54: =IF(MINIFS('Activity map'!$N:$N, 'Activity map'!$A:$A, A54, 'Activity map'!$H:$H, "=TRUE") = 0, "n/a", MINIFS('Activity map'!$N:$N, 'Activity map'!$A:$A, A54, 'Activity map'!$H:$H, "=TRUE")) -> 56 | H54: =IF(OR(ISBLANK(C54), G54 = "n/a"), "", G54/C54 + D54) -> 3.1111111 | I54: =IF(MINIFS('Activity map'!$M:$M, 'Activity map'!$A:$A, A54, 'Activity map'!$H:$H, "=TRUE") = 0, "n/a", MINIFS('Activity map'!$M:$M, 'Activity map'!$A:$A, A54, 'Activity map'!$H:$H, "=TRUE")) -> n/a | J54: =IF(OR(ISBLANK(C54), I54 = "n/a"), "", I54/C54 + D54) | K54: =IF(MINIFS('Activity map'!$L:$L, 'Activity map'!$A:$A, A54, 'Activity map'!$H:$H, "=TRUE") = 0, "n/a", MINIFS('Activity map'!$L:$L, 'Activity map'!$A:$A, A54, 'Activity map'!$H:$H, "=TRUE")) -> n/a | L54: =IF(OR(ISBLANK(C54), K54 = "n/a"), "", K54/C54 + D54) | M54: =MINIFS('Activity map'!$C:$C, 'Activity map'!$A:$A, $A54, 'Activity map'!$H:$H, "=TRUE", 'Activity map'!$K:$K, MINIFS('Activity map'!$K:$K, 'Activity map'!$A:$A, $A54, 'Activity map'!$H:$H, "=TRUE")) -> 28991 | N54: =MINIFS('Activity map'!$C:$C, 'Activity map'!$A:$A, $A54, 'Activity map'!$H:$H, "=TRUE", 'Activity map'!$E:$E, $T54) -> 28991 | O54: =IF(MIN(F54,H54,J54,L54) = 0, "Done!", MIN(F54,H54,J54,L54) / 24) -> 0.0046296296 | P54: =IF($M54=0, "-", VLOOKUP($M54, 'List of log slots'!$A:$C, 2, FALSE)) -> Atlatl dart | Q54: =IFERROR(__xludf.DUMMYFUNCTION("IF(ISERROR(FILTER('Activity map'!$C:$C, ('Activity map'!$A:$A=$A54)*('Activity map'!$F:$F=FALSE))), 0, COUNTA(UNIQUE(FILTER('Activity map'!$C:$C, ('Activity map'!$A:$A=$A54)*('Activity map'!$F:$F=FALSE)))))"),5.0) -> 5 | R54: =IFERROR(__xludf.DUMMYFUNCTION("IF(ISERROR(FILTER('Activity map'!$C:$C, 'Activity map'!$A:$A=$A54)), 0, COUNTA(UNIQUE(FILTER('Activity map'!$C:$C, 'Activity map'!$A:$A=$A54))))"),5.0) -> 5 | S54: =1 - Q54/R54 -> 0 | T54: =IFERROR(__xludf.DUMMYFUNCTION("IF(ISERROR(FILTER('Activity map'!$E:$E, ('Activity map'!$A:$A=$A54)*('Activity map'!$F:$F=FALSE))), ""-"", MIN(UNIQUE(FILTER('Activity map'!$E:$E, ('Activity map'!$A:$A=$A54)*('Activity map'!$F:$F=FALSE)))))"),4.0) -> 4 | U54: =IF($N54=0, "-", VLOOKUP($N54, 'List of log slots'!$A:$C, 2, FALSE)) -> Atlatl dart
A55: 36 | B55: =VLOOKUP($A55, 'Completion rates'!$A:$E, 2, FALSE) -> Killing blood moon (moons of peril) | C55: =IF(Notes!$E$27, VLOOKUP($A55, 'Completion rates'!$A:$E, 4, FALSE), VLOOKUP($A55, 'Completion rates'!$A:$E, 3, FALSE)) -> 18 | D55: =VLOOKUP($A55, 'Completion rates'!$A:$E, 5, FALSE) -> 0 | E55: =IF(SUMIFS('Activity map'!$O:$O, 'Activity map'!$A:$A, A55, 'Activity map'!$H:$H, "=TRUE") = 0, "n/a", 1/SUMIFS('Activity map'!$O:$O, 'Activity map'!$A:$A, A55, 'Activity map'!$H:$H, "=TRUE")) -> 2 | F55: =IF(OR(ISBLANK(C55), E55 = "n/a"), "", E55/C55 + D55) -> 0.11111111 | G55: =IF(MINIFS('Activity map'!$N:$N, 'Activity map'!$A:$A, A55, 'Activity map'!$H:$H, "=TRUE") = 0, "n/a", MINIFS('Activity map'!$N:$N, 'Activity map'!$A:$A, A55, 'Activity map'!$H:$H, "=TRUE")) -> 56 | H55: =IF(OR(ISBLANK(C55), G55 = "n/a"), "", G55/C55 + D55) -> 3.1111111 | I55: =IF(MINIFS('Activity map'!$M:$M, 'Activity map'!$A:$A, A55, 'Activity map'!$H:$H, "=TRUE") = 0, "n/a", MINIFS('Activity map'!$M:$M, 'Activity map'!$A:$A, A55, 'Activity map'!$H:$H, "=TRUE")) -> n/a | J55: =IF(OR(ISBLANK(C55), I55 = "n/a"), "", I55/C55 + D55) | K55: =IF(MINIFS('Activity map'!$L:$L, 'Activity map'!$A:$A, A55, 'Activity map'!$H:$H, "=TRUE") = 0, "n/a", MINIFS('Activity map'!$L:$L, 'Activity map'!$A:$A, A55, 'Activity map'!$H:$H, "=TRUE")) -> n/a | L55: =IF(OR(ISBLANK(C55), K55 = "n/a"), "", K55/C55 + D55) | M55: =MINIFS('Activity map'!$C:$C, 'Activity map'!$A:$A, $A55, 'Activity map'!$H:$H, "=TRUE", 'Activity map'!$K:$K, MINIFS('Activity map'!$K:$K, 'Activity map'!$A:$A, $A55, 'Activity map'!$H:$H, "=TRUE")) -> 28991 | N55: =MINIFS('Activity map'!$C:$C, 'Activity map'!$A:$A, $A55, 'Activity map'!$H:$H, "=TRUE", 'Activity map'!$E:$E, $T55) -> 28991 | O55: =IF(MIN(F55,H55,J55,L55) = 0, "Done!", MIN(F55,H55,J55,L55) / 24) -> 0.0046296296 | P55: =IF($M55=0, "-", VLOOKUP($M55, 'List of log slots'!$A:$C, 2, FALSE)) -> Atlatl dart | Q55: =IFERROR(__xludf.DUMMYFUNCTION("IF(ISERROR(FILTER('Activity map'!$C:$C, ('Activity map'!$A:$A=$A55)*('Activity map'!$F:$F=FALSE))), 0, COUNTA(UNIQUE(FILTER('Activity map'!$C:$C, ('Activity map'!$A:$A=$A55)*('Activity map'!$F:$F=FALSE)))))"),5.0) -> 5 | R55: =IFERROR(__xludf.DUMMYFUNCTION("IF(ISERROR(FILTER('Activity map'!$C:$C, 'Activity map'!$A:$A=$A55)), 0, COUNTA(UNIQUE(FILTER('Activity map'!$C:$C, 'Activity map'!$A:$A=$A55))))"),5.0) -> 5 | S55: =1 - Q55/R55 -> 0 | T55: =IFERROR(__xludf.DUMMYFUNCTION("IF(ISERROR(FILTER('Activity map'!$E:$E, ('Activity map'!$A:$A=$A55)*('Activity map'!$F:$F=FALSE))), ""-"", MIN(UNIQUE(FILTER('Activity map'!$E:$E, ('Activity map'!$A:$A=$A55)*('Activity map'!$F:$F=FALSE)))))"),4.0) -> 4 | U55: =IF($N55=0, "-", VLOOKUP($N55, 'List of log slots'!$A:$C, 2, FALSE)) -> Atlatl dart
A56: 5 | B56: =VLOOKUP($A56, 'Completion rates'!$A:$E, 2, FALSE) -> Opening barrows chests | C56: =IF(Notes!$E$27, VLOOKUP($A56, 'Completion rates'!$A:$E, 4, FALSE), VLOOKUP($A56, 'Completion rates'!$A:$E, 3, FALSE)) -> 22 | D56: =VLOOKUP($A56, 'Completion rates'!$A:$E, 5, FALSE) -> 0 | E56: =IF(SUMIFS('Activity map'!$O:$O, 'Activity map'!$A:$A, A56, 'Activity map'!$H:$H, "=TRUE") = 0, "n/a", 1/SUMIFS('Activity map'!$O:$O, 'Activity map'!$A:$A, A56, 'Activity map'!$H:$H, "=TRUE")) -> 2.4881517 | F56: =IF(OR(ISBLANK(C56), E56 = "n/a"), "", E56/C56 + D56) -> 0.1130978 | G56: =IF(MINIFS('Activity map'!$N:$N, 'Activity map'!$A:$A, A56, 'Activity map'!$H:$H, "=TRUE") = 0, "n/a", MINIFS('Activity map'!$N:$N, 'Activity map'!$A:$A, A56, 'Activity map'!$H:$H, "=TRUE")) -> n/a | H56: =IF(OR(ISBLANK(C56), G56 = "n/a"), "", G56/C56 + D56) | I56: =IF(MINIFS('Activity map'!$M:$M, 'Activity map'!$A:$A, A56, 'Activity map'!$H:$H, "=TRUE") = 0, "n/a", MINIFS('Activity map'!$M:$M, 'Activity map'!$A:$A, A56, 'Activity map'!$H:$H, "=TRUE")) -> n/a | J56: =IF(OR(ISBLANK(C56), I56 = "n/a"), "", I56/C56 + D56) | K56: =IF(MINIFS('Activity map'!$L:$L, 'Activity map'!$A:$A, A56, 'Activity map'!$H:$H, "=TRUE") = 0, "n/a", MINIFS('Activity map'!$L:$L, 'Activity map'!$A:$A, A56, 'Activity map'!$H:$H, "=TRUE")) -> n/a | L56: =IF(OR(ISBLANK(C56), K56 = "n/a"), "", K56/C56 + D56) | M56: =MINIFS('Activity map'!$C:$C, 'Activity map'!$A:$A, $A56, 'Activity map'!$H:$H, "=TRUE", 'Activity map'!$K:$K, MINIFS('Activity map'!$K:$K, 'Activity map'!$A:$A, $A56, 'Activity map'!$H:$H, "=TRUE")) -> 4740 | N56: =MINIFS('Activity map'!$C:$C, 'Activity map'!$A:$A, $A56, 'Activity map'!$H:$H, "=TRUE", 'Activity map'!$E:$E, $T56) -> 4740 | O56: =IF(MIN(F56,H56,J56,L56) = 0, "Done!", MIN(F56,H56,J56,L56) / 24) -> 0.0047124084 | P56: =IF($M56=0, "-", VLOOKUP($M56, 'List of log slots'!$A:$C, 2, FALSE)) -> Bolt rack | Q56: =IFERROR(__xludf.DUMMYFUNCTION("IF(ISERROR(FILTER('Activity map'!$C:$C, ('Activity map'!$A:$A=$A56)*('Activity map'!$F:$F=FALSE))), 0, COUNTA(UNIQUE(FILTER('Activity map'!$C:$C, ('Activity map'!$A:$A=$A56)*('Activity map'!$F:$F=FALSE)))))"),25.0) -> 25 | R56: =IFERROR(__xludf.DUMMYFUNCTION("IF(ISERROR(FILTER('Activity map'!$C:$C, 'Activity map'!$A:$A=$A56)), 0, COUNTA(UNIQUE(FILTER('Activity map'!$C:$C, 'Activity map'!$A:$A=$A56))))"),25.0) -> 25 | S56: =1 - Q56/R56 -> 0 | T56: =IFERROR(__xludf.DUMMYFUNCTION("IF(ISERROR(FILTER('Activity map'!$E:$E, ('Activity map'!$A:$A=$A56)*('Activity map'!$F:$F=FALSE))), ""-"", MIN(UNIQUE(FILTER('Activity map'!$E:$E, ('Activity map'!$A:$A=$A56)*('Activity map'!$F:$F=FALSE)))))"),3.0) -> 3 | U56: =IF($N56=0, "-", VLOOKUP($N56, 'List of log slots'!$A:$C, 2, FALSE)) -> Bolt rack
A57: 236 | B57: =VLOOKUP($A57, 'Completion rates'!$A:$E, 2, FALSE) -> Killing catablepons (stronghold of security) | C57: =IF(Notes!$E$27, VLOOKUP($A57, 'Completion rates'!$A:$E, 4, FALSE), VLOOKUP($A57, 'Completion rates'!$A:$E, 3, FALSE)) -> 300 | D57: =VLOOKUP($A57, 'Completion rates'!$A:$E, 5, FALSE) -> 0 | E57: =IF(SUMIFS('Activity map'!$O:$O, 'Activity map'!$A:$A, A57, 'Activity map'!$H:$H, "=TRUE") = 0, "n/a", 1/SUMIFS('Activity map'!$O:$O, 'Activity map'!$A:$A, A57, 'Activity map'!$H:$H, "=TRUE")) -> 34 | F57: =IF(OR(ISBLANK(C57), E57 = "n/a"), "", E57/C57 + D57) -> 0.11333333 | G57: =IF(MINIFS('Activity map'!$N:$N, 'Activity map'!$A:$A, A57, 'Activity map'!$H:$H, "=TRUE") = 0, "n/a", MINIFS('Activity map'!$N:$N, 'Activity map'!$A:$A, A57, 'Activity map'!$H:$H, "=TRUE")) -> n/a | H57: =IF(OR(ISBLANK(C57), G57 = "n/a"), "", G57/C57 + D57) | I57: =IF(MINIFS('Activity map'!$M:$M, 'Activity map'!$A:$A, A57, 'Activity map'!$H:$H, "=TRUE") = 0, "n/a", MINIFS('Activity map'!$M:$M, 'Activity map'!$A:$A, A57, 'Activity map'!$H:$H, "=TRUE")) -> n/a | J57: =IF(OR(ISBLANK(C57), I57 = "n/a"), "", I57/C57 + D57) | K57: =IF(MINIFS('Activity map'!$L:$L, 'Activity map'!$A:$A, A57, 'Activity map'!$H:$H, "=TRUE") = 0, "n/a", MINIFS('Activity map'!$L:$L, 'Activity map'!$A:$A, A57, 'Activity map'!$H:$H, "=TRUE")) -> n/a | L57: =IF(OR(ISBLANK(C57), K57 = "n/a"), "", K57/C57 + D57) | M57: =MINIFS('Activity map'!$C:$C, 'Activity map'!$A:$A, $A57, 'Activity map'!$H:$H, "=TRUE", 'Activity map'!$K:$K, MINIFS('Activity map'!$K:$K, 'Activity map'!$A:$A, $A57, 'Activity map'!$H:$H, "=TRUE")) -> 9010 | N57: =MINIFS('Activity map'!$C:$C, 'Activity map'!$A:$A, $A57, 'Activity map'!$H:$H, "=TRUE", 'Activity map'!$E:$E, $T57) -> 9010 | O57: =IF(MIN(F57,H57,J57,L57) = 0, "Done!", MIN(F57,H57,J57,L57) / 24) -> 0.0047222222 | P57: =IF($M57=0, "-", VLOOKUP($M57, 'List of log slots'!$A:$C, 2, FALSE)) -> Top of sceptre | Q57: =IFERROR(__xludf.DUMMYFUNCTION("IF(ISERROR(FILTER('Activity map'!$C:$C, ('Activity map'!$A:$A=$A57)*('Activity map'!$F:$F=FALSE))), 0, COUNTA(UNIQUE(FILTER('Activity map'!$C:$C, ('Activity map'!$A:$A=$A57)*('Activity map'!$F:$F=FALSE)))))"),1.0) -> 1 | R57: =IFERROR(__xludf.DUMMYFUNCTION("IF(ISERROR(FILTER('Activity map'!$C:$C, 'Activity map'!$A:$A=$A57)), 0, COUNTA(UNIQUE(FILTER('Activity map'!$C:$C, 'Activity map'!$A:$A=$A57))))"),1.0) -> 1 | S57: =1 - Q57/R57 -> 0 | T57: =IFERROR(__xludf.DUMMYFUNCTION("IF(ISERROR(FILTER('Activity map'!$E:$E, ('Activity map'!$A:$A=$A57)*('Activity map'!$F:$F=FALSE))), ""-"", MIN(UNIQUE(FILTER('Activity map'!$E:$E, ('Activity map'!$A:$A=$A57)*('Activity map'!$F:$F=FALSE)))))"),2.0) -> 2 | U57: =IF($N57=0, "-", VLOOKUP($N57, 'List of log slots'!$A:$C, 2, FALSE)) -> Top of sceptre
A58: 166 | B58: =VLOOKUP($A58, 'Completion rates'!$A:$E, 2, FALSE) -> Killing cockatrice | C58: =IF(Notes!$E$27, VLOOKUP($A58, 'Completion rates'!$A:$E, 4, FALSE), VLOOKUP($A58, 'Completion rates'!$A:$E, 3, FALSE)) -> 800 | D58: =VLOOKUP($A58, 'Completion rates'!$A:$E, 5, FALSE) -> 0 | E58: =IF(SUMIFS('Activity map'!$O:$O, 'Activity map'!$A:$A, A58, 'Activity map'!$H:$H, "=TRUE") = 0, "n/a", 1/SUMIFS('Activity map'!$O:$O, 'Activity map'!$A:$A, A58, 'Activity map'!$H:$H, "=TRUE")) -> 92.83068 | F58: =IF(OR(ISBLANK(C58), E58 = "n/a"), "", E58/C58 + D58) -> 0.11603835 | G58: =IF(MINIFS('Activity map'!$N:$N, 'Activity map'!$A:$A, A58, 'Activity map'!$H:$H, "=TRUE") = 0, "n/a", MINIFS('Activity map'!$N:$N, 'Activity map'!$A:$A, A58, 'Activity map'!$H:$H, "=TRUE")) -> n/a | H58: =IF(OR(ISBLANK(C58), G58 = "n/a"), "", G58/C58 + D58) | I58: =IF(MINIFS('Activity map'!$M:$M, 'Activity map'!$A:$A, A58, 'Activity map'!$H:$H, "=TRUE") = 0, "n/a", MINIFS('Activity map'!$M:$M, 'Activity map'!$A:$A, A58, 'Activity map'!$H:$H, "=TRUE")) -> n/a | J58: =IF(OR(ISBLANK(C58), I58 = "n/a"), "", I58/C58 + D58) | K58: =IF(MINIFS('Activity map'!$L:$L, 'Activity map'!$A:$A, A58, 'Activity map'!$H:$H, "=TRUE") = 0, "n/a", MINIFS('Activity map'!$L:$L, 'Activity map'!$A:$A, A58, 'Activity map'!$H:$H, "=TRUE")) -> n/a | L58: =IF(OR(ISBLANK(C58), K58 = "n/a"), "", K58/C58 + D58) | M58: =MINIFS('Activity map'!$C:$C, 'Activity map'!$A:$A, $A58, 'Activity map'!$H:$H, "=TRUE", 'Activity map'!$K:$K, MINIFS('Activity map'!$K:$K, 'Activity map'!$A:$A, $A58, 'Activity map'!$H:$H, "=TRUE")) -> 4121 | N58: =MINIFS('Activity map'!$C:$C, 'Activity map'!$A:$A, $A58, 'Activity map'!$H:$H, "=TRUE", 'Activity map'!$E:$E, $T58) -> 4121 | O58: =IF(MIN(F58,H58,J58,L58) = 0, "Done!", MIN(F58,H58,J58,L58) / 24) -> 0.0048349312 | P58: =IF($M58=0, "-", VLOOKUP($M58, 'List of log slots'!$A:$C, 2, FALSE)) -> Iron boots | Q58: =IFERROR(__xludf.DUMMYFUNCTION("IF(ISERROR(FILTER('Activity map'!$C:$C, ('Activity map'!$A:$A=$A58)*('Activity map'!$F:$F=FALSE))), 0, COUNTA(UNIQUE(FILTER('Activity map'!$C:$C, ('Activity map'!$A:$A=$A58)*('Activity map'!$F:$F=FALSE)))))"),5.0) -> 5 | R58: =IFERROR(__xludf.DUMMYFUNCTION("IF(ISERROR(FILTER('Activity map'!$C:$C, 'Activity map'!$A:$A=$A58)), 0, COUNTA(UNIQUE(FILTER('Activity map'!$C:$C, 'Activity map'!$A:$A=$A58))))"),5.0) -> 5 | S58: =1 - Q58/R58 -> 0 | T58: =IFERROR(__xludf.DUMMYFUNCTION("IF(ISERROR(FILTER('Activity map'!$E:$E, ('Activity map'!$A:$A=$A58)*('Activity map'!$F:$F=FALSE))), ""-"", MIN(UNIQUE(FILTER('Activity map'!$E:$E, ('Activity map'!$A:$A=$A58)*('Activity map'!$F:$F=FALSE)))))"),1.0) -> 1 | U58: =IF($N58=0, "-", VLOOKUP($N58, 'List of log slots'!$A:$C, 2, FALSE)) -> Iron boots
A59: 226 | B59: =VLOOKUP($A59, 'Completion rates'!$A:$E, 2, FALSE) -> Killing in the wilderness god wars dungeon (barrage) | C59: =IF(Notes!$E$27, VLOOKUP($A59, 'Completion rates'!$A:$E, 4, FALSE), VLOOKUP($A59, 'Completion rates'!$A:$E, 3, FALSE)) -> 500 | D59: =VLOOKUP($A59, 'Completion rates'!$A:$E, 5, FALSE) -> 0 | E59: =IF(SUMIFS('Activity map'!$O:$O, 'Activity map'!$A:$A, A59, 'Activity map'!$H:$H, "=TRUE") = 0, "n/a", 1/SUMIFS('Activity map'!$O:$O, 'Activity map'!$A:$A, A59, 'Activity map'!$H:$H, "=TRUE")) -> 60 | F59: =IF(OR(ISBLANK(C59), E59 = "n/a"), "", E59/C59 + D59) -> 0.12 | G59: =IF(MINIFS('Activity map'!$N:$N, 'Activity map'!$A:$A, A59, 'Activity map'!$H:$H, "=TRUE") = 0, "n/a", MINIFS('Activity map'!$N:$N, 'Activity map'!$A:$A, A59, 'Activity map'!$H:$H, "=TRUE")) -> n/a | H59: =IF(OR(ISBLANK(C59), G59 = "n/a"), "", G59/C59 + D59) | I59: =IF(MINIFS('Activity map'!$M:$M, 'Activity map'!$A:$A, A59, 'Activity map'!$H:$H, "=TRUE") = 0, "n/a", MINIFS('Activity map'!$M:$M, 'Activity map'!$A:$A, A59, 'Activity map'!$H:$H, "=TRUE")) -> n/a | J59: =IF(OR(ISBLANK(C59), I59 = "n/a"), "", I59/C59 + D59) | K59: =IF(MINIFS('Activity map'!$L:$L, 'Activity map'!$A:$A, A59, 'Activity map'!$H:$H, "=TRUE") = 0, "n/a", MINIFS('Activity map'!$L:$L, 'Activity map'!$A:$A, A59, 'Activity map'!$H:$H, "=TRUE")) -> n/a | L59: =IF(OR(ISBLANK(C59), K59 = "n/a"), "", K59/C59 + D59) | M59: =MINIFS('Activity map'!$C:$C, 'Activity map'!$A:$A, $A59, 'Activity map'!$H:$H, "=TRUE", 'Activity map'!$K:$K, MINIFS('Activity map'!$K:$K, 'Activity map'!$A:$A, $A59, 'Activity map'!$H:$H, "=TRUE")) -> 11942 | N59: =MINIFS('Activity map'!$C:$C, 'Activity map'!$A:$A, $A59, 'Activity map'!$H:$H, "=TRUE", 'Activity map'!$E:$E, $T59) -> 11942 | O59: =IF(MIN(F59,H59,J59,L59) = 0, "Done!", MIN(F59,H59,J59,L59) / 24) -> 0.005 | P59: =IF($M59=0, "-", VLOOKUP($M59, 'List of log slots'!$A:$C, 2, FALSE)) -> Ecumenical key | Q59: =IFERROR(__xludf.DUMMYFUNCTION("IF(ISERROR(FILTER('Activity map'!$C:$C, ('Activity map'!$A:$A=$A59)*('Activity map'!$F:$F=FALSE))), 0, COUNTA(UNIQUE(FILTER('Activity map'!$C:$C, ('Activity map'!$A:$A=$A59)*('Activity map'!$F:$F=FALSE)))))"),1.0) -> 1 | R59: =IFERROR(__xludf.DUMMYFUNCTION("IF(ISERROR(FILTER('Activity map'!$C:$C, 'Activity map'!$A:$A=$A59)), 0, COUNTA(UNIQUE(FILTER('Activity map'!$C:$C, 'Activity map'!$A:$A=$A59))))"),1.0) -> 1 | S59: =1 - Q59/R59 -> 0 | T59: =IFERROR(__xludf.DUMMYFUNCTION("IF(ISERROR(FILTER('Activity map'!$E:$E, ('Activity map'!$A:$A=$A59)*('Activity map'!$F:$F=FALSE))), ""-"", MIN(UNIQUE(FILTER('Activity map'!$E:$E, ('Activity map'!$A:$A=$A59)*('Activity map'!$F:$F=FALSE)))))"),2.0) -> 2 | U59: =IF($N59=0, "-", VLOOKUP($N59, 'List of log slots'!$A:$C, 2, FALSE)) -> Ecumenical key
A60: 40 | B60: =VLOOKUP($A60, 'Completion rates'!$A:$E, 2, FALSE) -> Killing obor | C60: =IF(Notes!$E$27, VLOOKUP($A60, 'Completion rates'!$A:$E, 4, FALSE), VLOOKUP($A60, 'Completion rates'!$A:$E, 3, FALSE)) -> 120 | D60: =VLOOKUP($A60, 'Completion rates'!$A:$E, 5, FALSE) -> 0 | E60: =IF(SUMIFS('Activity map'!$O:$O, 'Activity map'!$A:$A, A60, 'Activity map'!$H:$H, "=TRUE") = 0, "n/a", 1/SUMIFS('Activity map'!$O:$O, 'Activity map'!$A:$A, A60, 'Activity map'!$H:$H, "=TRUE")) -> 15.157501 | F60: =IF(OR(ISBLANK(C60), E60 = "n/a"), "", E60/C60 + D60) -> 0.12631251 | G60: =IF(MINIFS('Activity map'!$N:$N, 'Activity map'!$A:$A, A60, 'Activity map'!$H:$H, "=TRUE") = 0, "n/a", MINIFS('Activity map'!$N:$N, 'Activity map'!$A:$A, A60, 'Activity map'!$H:$H, "=TRUE")) -> n/a | H60: =IF(OR(ISBLANK(C60), G60 = "n/a"), "", G60/C60 + D60) | I60: =IF(MINIFS('Activity map'!$M:$M, 'Activity map'!$A:$A, A60, 'Activity map'!$H:$H, "=TRUE") = 0, "n/a", MINIFS('Activity map'!$M:$M, 'Activity map'!$A:$A, A60, 'Activity map'!$H:$H, "=TRUE")) -> n/a | J60: =IF(OR(ISBLANK(C60), I60 = "n/a"), "", I60/C60 + D60) | K60: =IF(MINIFS('Activity map'!$L:$L, 'Activity map'!$A:$A, A60, 'Activity map'!$H:$H, "=TRUE") = 0, "n/a", MINIFS('Activity map'!$L:$L, 'Activity map'!$A:$A, A60, 'Activity map'!$H:$H, "=TRUE")) -> n/a | L60: =IF(OR(ISBLANK(C60), K60 = "n/a"), "", K60/C60 + D60) | M60: =MINIFS('Activity map'!$C:$C, 'Activity map'!$A:$A, $A60, 'Activity map'!$H:$H, "=TRUE", 'Activity map'!$K:$K, MINIFS('Activity map'!$K:$K, 'Activity map'!$A:$A, $A60, 'Activity map'!$H:$H, "=TRUE")) -> 20754 | N60: =MINIFS('Activity map'!$C:$C, 'Activity map'!$A:$A, $A60, 'Activity map'!$H:$H, "=TRUE", 'Activity map'!$E:$E, $T60) -> 20754 | O60: =IF(MIN(F60,H60,J60,L60) = 0, "Done!", MIN(F60,H60,J60,L60) / 24) -> 0.0052630212 | P60: =IF($M60=0, "-", VLOOKUP($M60, 'List of log slots'!$A:$C, 2, FALSE)) -> Giant key | Q60: =IFERROR(__xludf.DUMMYFUNCTION("IF(ISERROR(FILTER('Activity map'!$C:$C, ('Activity map'!$A:$A=$A60)*('Activity map'!$F:$F=FALSE))), 0, COUNTA(UNIQUE(FILTER('Activity map'!$C:$C, ('Activity map'!$A:$A=$A60)*('Activity map'!$F:$F=FALSE)))))"),7.0) -> 7 | R60: =IFERROR(__xludf.DUMMYFUNCTION("IF(ISERROR(FILTER('Activity map'!$C:$C, 'Activity map'!$A:$A=$A60)), 0, COUNTA(UNIQUE(FILTER('Activity map'!$C:$C, 'Activity map'!$A:$A=$A60))))"),7.0) -> 7 | S60: =1 - Q60/R60 -> 0 | T60: =IFERROR(__xludf.DUMMYFUNCTION("IF(ISERROR(FILTER('Activity map'!$E:$E, ('Activity map'!$A:$A=$A60)*('Activity map'!$F:$F=FALSE))), ""-"", MIN(UNIQUE(FILTER('Activity map'!$E:$E, ('Activity map'!$A:$A=$A60)*('Activity map'!$F:$F=FALSE)))))"),2.0) -> 2 | U60: =IF($N60=0, "-", VLOOKUP($N60, 'List of log slots'!$A:$C, 2, FALSE)) -> Giant key
A61: 21 | B61: =VLOOKUP($A61, 'Completion rates'!$A:$E, 2, FALSE) -> Opening reward chest (corrupted gauntlet) | C61: =IF(Notes!$E$27, VLOOKUP($A61, 'Completion rates'!$A:$E, 4, FALSE), VLOOKUP($A61, 'Completion rates'!$A:$E, 3, FALSE)) -> 7 | D61: =VLOOKUP($A61, 'Completion rates'!$A:$E, 5, FALSE) -> 0 | E61: =IF(SUMIFS('Activity map'!$O:$O, 'Activity map'!$A:$A, A61, 'Activity map'!$H:$H, "=TRUE") = 0, "n/a", 1/SUMIFS('Activity map'!$O:$O, 'Activity map'!$A:$A, A61, 'Activity map'!$H:$H, "=TRUE")) -> 22.857143 | F61: =IF(OR(ISBLANK(C61), E61 = "n/a"), "", E61/C61 + D61) -> 3.2653061 | G61: =IF(MINIFS('Activity map'!$N:$N, 'Activity map'!$A:$A, A61, 'Activity map'!$H:$H, "=TRUE") = 0, "n/a", MINIFS('Activity map'!$N:$N, 'Activity map'!$A:$A, A61, 'Activity map'!$H:$H, "=TRUE")) -> n/a | H61: =IF(OR(ISBLANK(C61), G61 = "n/a"), "", G61/C61 + D61) | I61: =IF(MINIFS('Activity map'!$M:$M, 'Activity map'!$A:$A, A61, 'Activity map'!$H:$H, "=TRUE") = 0, "n/a", MINIFS('Activity map'!$M:$M, 'Activity map'!$A:$A, A61, 'Activity map'!$H:$H, "=TRUE")) -> 1 | J61: =IF(OR(ISBLANK(C61), I61 = "n/a"), "", I61/C61 + D61) -> 0.14285714 | K61: =IF(MINIFS('Activity map'!$L:$L, 'Activity map'!$A:$A, A61, 'Activity map'!$H:$H, "=TRUE") = 0, "n/a", MINIFS('Activity map'!$L:$L, 'Activity map'!$A:$A, A61, 'Activity map'!$H:$H, "=TRUE")) -> n/a | L61: =IF(OR(ISBLANK(C61), K61 = "n/a"), "", K61/C61 + D61) | M61: =MINIFS('Activity map'!$C:$C, 'Activity map'!$A:$A, $A61, 'Activity map'!$H:$H, "=TRUE", 'Activity map'!$K:$K, MINIFS('Activity map'!$K:$K, 'Activity map'!$A:$A, $A61, 'Activity map'!$H:$H, "=TRUE")) -> 23859 | N61: =MINIFS('Activity map'!$C:$C, 'Activity map'!$A:$A, $A61, 'Activity map'!$H:$H, "=TRUE", 'Activity map'!$E:$E, $T61) -> 23859 | O61: =IF(MIN(F61,H61,J61,L61) = 0, "Done!", MIN(F61,H61,J61,L61) / 24) -> 0.005952381 | P61: =IF($M61=0, "-", VLOOKUP($M61, 'List of log slots'!$A:$C, 2, FALSE)) -> Gauntlet cape | Q61: =IFERROR(__xludf.DUMMYFUNCTION("IF(ISERROR(FILTER('Activity map'!$C:$C, ('Activity map'!$A:$A=$A61)*('Activity map'!$F:$F=FALSE))), 0, COUNTA(UNIQUE(FILTER('Activity map'!$C:$C, ('Activity map'!$A:$A=$A61)*('Activity map'!$F:$F=FALSE)))))"),5.0) -> 5 | R61: =IFERROR(__xludf.DUMMYFUNCTION("IF(ISERROR(FILTER('Activity map'!$C:$C, 'Activity map'!$A:$A=$A61)), 0, COUNTA(UNIQUE(FILTER('Activity map'!$C:$C, 'Activity map'!$A:$A=$A61))))"),5.0) -> 5 | S61: =1 - Q61/R61 -> 0 | T61: =IFERROR(__xludf.DUMMYFUNCTION("IF(ISERROR(FILTER('Activity map'!$E:$E, ('Activity map'!$A:$A=$A61)*('Activity map'!$F:$F=FALSE))), ""-"", MIN(UNIQUE(FILTER('Activity map'!$E:$E, ('Activity map'!$A:$A=$A61)*('Activity map'!$F:$F=FALSE)))))"),4.0) -> 4 | U61: =IF($N61=0, "-", VLOOKUP($N61, 'List of log slots'!$A:$C, 2, FALSE)) -> Gauntlet cape
A62: 243 | B62: =VLOOKUP($A62, 'Completion rates'!$A:$E, 2, FALSE) -> Killing the prifddinas rabbit | C62: =IF(Notes!$E$27, VLOOKUP($A62, 'Completion rates'!$A:$E, 4, FALSE), VLOOKUP($A62, 'Completion rates'!$A:$E, 3, FALSE)) -> 7 | D62: =VLOOKUP($A62, 'Completion rates'!$A:$E, 5, FALSE) -> 0 | E62: =IF(SUMIFS('Activity map'!$O:$O, 'Activity map'!$A:$A, A62, 'Activity map'!$H:$H, "=TRUE") = 0, "n/a", 1/SUMIFS('Activity map'!$O:$O, 'Activity map'!$A:$A, A62, 'Activity map'!$H:$H, "=TRUE")) -> n/a | F62: =IF(OR(ISBLANK(C62), E62 = "n/a"), "", E62/C62 + D62) | G62: =IF(MINIFS('Activity map'!$N:$N, 'Activity map'!$A:$A, A62, 'Activity map'!$H:$H, "=TRUE") = 0, "n/a", MINIFS('Activity map'!$N:$N, 'Activity map'!$A:$A, A62, 'Activity map'!$H:$H, "=TRUE")) -> n/a | H62: =IF(OR(ISBLANK(C62), G62 = "n/a"), "", G62/C62 + D62) | I62: =IF(MINIFS('Activity map'!$M:$M, 'Activity map'!$A:$A, A62, 'Activity map'!$H:$H, "=TRUE") = 0, "n/a", MINIFS('Activity map'!$M:$M, 'Activity map'!$A:$A, A62, 'Activity map'!$H:$H, "=TRUE")) -> 1 | J62: =IF(OR(ISBLANK(C62), I62 = "n/a"), "", I62/C62 + D62) -> 0.14285714 | K62: =IF(MINIFS('Activity map'!$L:$L, 'Activity map'!$A:$A, A62, 'Activity map'!$H:$H, "=TRUE") = 0, "n/a", MINIFS('Activity map'!$L:$L, 'Activity map'!$A:$A, A62, 'Activity map'!$H:$H, "=TRUE")) -> n/a | L62: =IF(OR(ISBLANK(C62), K62 = "n/a"), "", K62/C62 + D62) | M62: =MINIFS('Activity map'!$C:$C, 'Activity map'!$A:$A, $A62, 'Activity map'!$H:$H, "=TRUE", 'Activity map'!$K:$K, MINIFS('Activity map'!$K:$K, 'Activity map'!$A:$A, $A62, 'Activity map'!$H:$H, "=TRUE")) -> 24000 | N62: =MINIFS('Activity map'!$C:$C, 'Activity map'!$A:$A, $A62, 'Activity map'!$H:$H, "=TRUE", 'Activity map'!$E:$E, $T62) -> 24000 | O62: =IF(MIN(F62,H62,J62,L62) = 0, "Done!", MIN(F62,H62,J62,L62) / 24) -> 0.005952381 | P62: =IF($M62=0, "-", VLOOKUP($M62, 'List of log slots'!$A:$C, 2, FALSE)) -> Crystal grail | Q62: =IFERROR(__xludf.DUMMYFUNCTION("IF(ISERROR(FILTER('Activity map'!$C:$C, ('Activity map'!$A:$A=$A62)*('Activity map'!$F:$F=FALSE))), 0, COUNTA(UNIQUE(FILTER('Activity map'!$C:$C, ('Activity map'!$A:$A=$A62)*('Activity map'!$F:$F=FALSE)))))"),1.0) -> 1 | R62: =IFERROR(__xludf.DUMMYFUNCTION("IF(ISERROR(FILTER('Activity map'!$C:$C, 'Activity map'!$A:$A=$A62)), 0, COUNTA(UNIQUE(FILTER('Activity map'!$C:$C, 'Activity map'!$A:$A=$A62))))"),1.0) -> 1 | S62: =1 - Q62/R62 -> 0 | T62: =IFERROR(__xludf.DUMMYFUNCTION("IF(ISERROR(FILTER('Activity map'!$E:$E, ('Activity map'!$A:$A=$A62)*('Activity map'!$F:$F=FALSE))), ""-"", MIN(UNIQUE(FILTER('Activity map'!$E:$E, ('Activity map'!$A:$A=$A62)*('Activity map'!$F:$F=FALSE)))))"),4.0) -> 4 | U62: =IF($N62=0, "-", VLOOKUP($N62, 'List of log slots'!$A:$C, 2, FALSE)) -> Crystal grail
A63: 6 | B63: =VLOOKUP($A63, 'Completion rates'!$A:$E, 2, FALSE) -> Killing bryophyta | C63: =IF(Notes!$E$27, VLOOKUP($A63, 'Completion rates'!$A:$E, 4, FALSE), VLOOKUP($A63, 'Completion rates'!$A:$E, 3, FALSE)) -> 100 | D63: =VLOOKUP($A63, 'Completion rates'!$A:$E, 5, FALSE) -> 0 | E63: =IF(SUMIFS('Activity map'!$O:$O, 'Activity map'!$A:$A, A63, 'Activity map'!$H:$H, "=TRUE") = 0, "n/a", 1/SUMIFS('Activity map'!$O:$O, 'Activity map'!$A:$A, A63, 'Activity map'!$H:$H, "=TRUE")) -> 15.156612 | F63: =IF(OR(ISBLANK(C63), E63 = "n/a"), "", E63/C63 + D63) -> 0.15156612 | G63: =IF(MINIFS('Activity map'!$N:$N, 'Activity map'!$A:$A, A63, 'Activity map'!$H:$H, "=TRUE") = 0, "n/a", MINIFS('Activity map'!$N:$N, 'Activity map'!$A:$A, A63, 'Activity map'!$H:$H, "=TRUE")) -> n/a | H63: =IF(OR(ISBLANK(C63), G63 = "n/a"), "", G63/C63 + D63) | I63: =IF(MINIFS('Activity map'!$M:$M, 'Activity map'!$A:$A, A63, 'Activity map'!$H:$H, "=TRUE") = 0, "n/a", MINIFS('Activity map'!$M:$M, 'Activity map'!$A:$A, A63, 'Activity map'!$H:$H, "=TRUE")) -> n/a | J63: =IF(OR(ISBLANK(C63), I63 = "n/a"), "", I63/C63 + D63) | K63: =IF(MINIFS('Activity map'!$L:$L, 'Activity map'!$A:$A, A63, 'Activity map'!$H:$H, "=TRUE") = 0, "n/a", MINIFS('Activity map'!$L:$L, 'Activity map'!$A:$A, A63, 'Activity map'!$H:$H, "=TRUE")) -> n/a | L63: =IF(OR(ISBLANK(C63), K63 = "n/a"), "", K63/C63 + D63) | M63: =MINIFS('Activity map'!$C:$C, 'Activity map'!$A:$A, $A63, 'Activity map'!$H:$H, "=TRUE", 'Activity map'!$K:$K, MINIFS('Activity map'!$K:$K, 'Activity map'!$A:$A, $A63, 'Activity map'!$H:$H, "=TRUE")) -> 22374 | N63: =MINIFS('Activity map'!$C:$C, 'Activity map'!$A:$A, $A63, 'Activity map'!$H:$H, "=TRUE", 'Activity map'!$E:$E, $T63) -> 22374 | O63: =IF(MIN(F63,H63,J63,L63) = 0, "Done!", MIN(F63,H63,J63,L63) / 24) -> 0.0063152551 | P63: =IF($M63=0, "-", VLOOKUP($M63, 'List of log slots'!$A:$C, 2, FALSE)) -> Mossy key | Q63: =IFERROR(__xludf.DUMMYFUNCTION("IF(ISERROR(FILTER('Activity map'!$C:$C, ('Activity map'!$A:$A=$A63)*('Activity map'!$F:$F=FALSE))), 0, COUNTA(UNIQUE(FILTER('Activity map'!$C:$C, ('Activity map'!$A:$A=$A63)*('Activity map'!$F:$F=FALSE)))))"),7.0) -> 7 | R63: =IFERROR(__xludf.DUMMYFUNCTION("IF(ISERROR(FILTER('Activity map'!$C:$C, 'Activity map'!$A:$A=$A63)), 0, COUNTA(UNIQUE(FILTER('Activity map'!$C:$C, 'Activity map'!$A:$A=$A63))))"),7.0) -> 7 | S63: =1 - Q63/R63 -> 0 | T63: =IFERROR(__xludf.DUMMYFUNCTION("IF(ISERROR(FILTER('Activity map'!$E:$E, ('Activity map'!$A:$A=$A63)*('Activity map'!$F:$F=FALSE))), ""-"", MIN(UNIQUE(FILTER('Activity map'!$E:$E, ('Activity map'!$A:$A=$A63)*('Activity map'!$F:$F=FALSE)))))"),2.0) -> 2 | U63: =IF($N63=0, "-", VLOOKUP($N63, 'List of log slots'!$A:$C, 2, FALSE)) -> Mossy key
A64: 188 | B64: =VLOOKUP($A64, 'Completion rates'!$A:$E, 2, FALSE) -> Killing greater nechryael (on task) | C64: =IF(Notes!$E$27, VLOOKUP($A64, 'Completion rates'!$A:$E, 4, FALSE), VLOOKUP($A64, 'Completion rates'!$A:$E, 3, FALSE)) -> 400 | D64: =VLOOKUP($A64, 'Completion rates'!$A:$E, 5, FALSE) -> 0 | E64: =IF(SUMIFS('Activity map'!$O:$O, 'Activity map'!$A:$A, A64, 'Activity map'!$H:$H, "=TRUE") = 0, "n/a", 1/SUMIFS('Activity map'!$O:$O, 'Activity map'!$A:$A, A64, 'Activity map'!$H:$H, "=TRUE")) -> 60.843546 | F64: =IF(OR(ISBLANK(C64), E64 = "n/a"), "", E64/C64 + D64) -> 0.15210886 | G64: =IF(MINIFS('Activity map'!$N:$N, 'Activity map'!$A:$A, A64, 'Activity map'!$H:$H, "=TRUE") = 0, "n/a", MINIFS('Activity map'!$N:$N, 'Activity map'!$A:$A, A64, 'Activity map'!$H:$H, "=TRUE")) -> n/a | H64: =IF(OR(ISBLANK(C64), G64 = "n/a"), "", G64/C64 + D64) | I64: =IF(MINIFS('Activity map'!$M:$M, 'Activity map'!$A:$A, A64, 'Activity map'!$H:$H, "=TRUE") = 0, "n/a", MINIFS('Activity map'!$M:$M, 'Activity map'!$A:$A, A64, 'Activity map'!$H:$H, "=TRUE")) -> n/a | J64: =IF(OR(ISBLANK(C64), I64 = "n/a"), "", I64/C64 + D64) | K64: =IF(MINIFS('Activity map'!$L:$L, 'Activity map'!$A:$A, A64, 'Activity map'!$H:$H, "=TRUE") = 0, "n/a", MINIFS('Activity map'!$L:$L, 'Activity map'!$A:$A, A64, 'Activity map'!$H:$H, "=TRUE")) -> n/a | L64: =IF(OR(ISBLANK(C64), K64 = "n/a"), "", K64/C64 + D64) | M64: =MINIFS('Activity map'!$C:$C, 'Activity map'!$A:$A, $A64, 'Activity map'!$H:$H, "=TRUE", 'Activity map'!$K:$K, MINIFS('Activity map'!$K:$K, 'Activity map'!$A:$A, $A64, 'Activity map'!$H:$H, "=TRUE")) -> 4131 | N64: =MINIFS('Activity map'!$C:$C, 'Activity map'!$A:$A, $A64, 'Activity map'!$H:$H, "=TRUE", 'Activity map'!$E:$E, $T64) -> 19679 | O64: =IF(MIN(F64,H64,J64,L64) = 0, "Done!", MIN(F64,H64,J64,L64) / 24) -> 0.0063378694 | P64: =IF($M64=0, "-", VLOOKUP($M64, 'List of log slots'!$A:$C, 2, FALSE)) -> Rune boots | Q64: =IFERROR(__xludf.DUMMYFUNCTION("IF(ISERROR(FILTER('Activity map'!$C:$C, ('Activity map'!$A:$A=$A64)*('Activity map'!$F:$F=FALSE))), 0, COUNTA(UNIQUE(FILTER('Activity map'!$C:$C, ('Activity map'!$A:$A=$A64)*('Activity map'!$F:$F=FALSE)))))"),11.0) -> 11 | R64: =IFERROR(__xludf.DUMMYFUNCTION("IF(ISERROR(FILTER('Activity map'!$C:$C, 'Activity map'!$A:$A=$A64)), 0, COUNTA(UNIQUE(FILTER('Activity map'!$C:$C, 'Activity map'!$A:$A=$A64))))"),11.0) -> 11 | S64: =1 - Q64/R64 -> 0 | T64: =IFERROR(__xludf.DUMMYFUNCTION("IF(ISERROR(FILTER('Activity map'!$E:$E, ('Activity map'!$A:$A=$A64)*('Activity map'!$F:$F=FALSE))), ""-"", MIN(UNIQUE(FILTER('Activity map'!$E:$E, ('Activity map'!$A:$A=$A64)*('Activity map'!$F:$F=FALSE)))))"),3.0) -> 3 | U64: =IF($N64=0, "-", VLOOKUP($N64, 'List of log slots'!$A:$C, 2, FALSE)) -> Dark totem base
A65: 84 | B65: =VLOOKUP($A65, 'Completion rates'!$A:$E, 2, FALSE) -> Pulling from the reward guardian (guardians of the rift) | C65: =IF(Notes!$E$27, VLOOKUP($A65, 'Completion rates'!$A:$E, 4, FALSE), VLOOKUP($A65, 'Completion rates'!$A:$E, 3, FALSE)) -> 33 | D65: =VLOOKUP($A65, 'Completion rates'!$A:$E, 5, FALSE) -> 0 | E65: =IF(SUMIFS('Activity map'!$O:$O, 'Activity map'!$A:$A, A65, 'Activity map'!$H:$H, "=TRUE") = 0, "n/a", 1/SUMIFS('Activity map'!$O:$O, 'Activity map'!$A:$A, A65, 'Activity map'!$H:$H, "=TRUE")) -> 5.075222 | F65: =IF(OR(ISBLANK(C65), E65 = "n/a"), "", E65/C65 + D65) -> 0.15379461 | G65: =IF(MINIFS('Activity map'!$N:$N, 'Activity map'!$A:$A, A65, 'Activity map'!$H:$H, "=TRUE") = 0, "n/a", MINIFS('Activity map'!$N:$N, 'Activity map'!$A:$A, A65, 'Activity map'!$H:$H, "=TRUE")) -> 117 | H65: =IF(OR(ISBLANK(C65), G65 = "n/a"), "", G65/C65 + D65) -> 3.5454545 | I65: =IF(MINIFS('Activity map'!$M:$M, 'Activity map'!$A:$A, A65, 'Activity map'!$H:$H, "=TRUE") = 0, "n/a", MINIFS('Activity map'!$M:$M, 'Activity map'!$A:$A, A65, 'Activity map'!$H:$H, "=TRUE")) -> n/a | J65: =IF(OR(ISBLANK(C65), I65 = "n/a"), "", I65/C65 + D65) | K65: =IF(MINIFS('Activity map'!$L:$L, 'Activity map'!$A:$A, A65, 'Activity map'!$H:$H, "=TRUE") = 0, "n/a", MINIFS('Activity map'!$L:$L, 'Activity map'!$A:$A, A65, 'Activity map'!$H:$H, "=TRUE")) -> n/a | L65: =IF(OR(ISBLANK(C65), K65 = "n/a"), "", K65/C65 + D65) | M65: =MINIFS('Activity map'!$C:$C, 'Activity map'!$A:$A, $A65, 'Activity map'!$H:$H, "=TRUE", 'Activity map'!$K:$K, MINIFS('Activity map'!$K:$K, 'Activity map'!$A:$A, $A65, 'Activity map'!$H:$H, "=TRUE")) -> 26792 | N65: =MINIFS('Activity map'!$C:$C, 'Activity map'!$A:$A, $A65, 'Activity map'!$H:$H, "=TRUE", 'Activity map'!$E:$E, $T65) -> 26792 | O65: =IF(MIN(F65,H65,J65,L65) = 0, "Done!", MIN(F65,H65,J65,L65) / 24) -> 0.0064081086 | P65: =IF($M65=0, "-", VLOOKUP($M65, 'List of log slots'!$A:$C, 2, FALSE)) -> Abyssal pearls | Q65: =IFERROR(__xludf.DUMMYFUNCTION("IF(ISERROR(FILTER('Activity map'!$C:$C, ('Activity map'!$A:$A=$A65)*('Activity map'!$F:$F=FALSE))), 0, COUNTA(UNIQUE(FILTER('Activity map'!$C:$C, ('Activity map'!$A:$A=$A65)*('Activity map'!$F:$F=FALSE)))))"),17.0) -> 17 | R65: =IFERROR(__xludf.DUMMYFUNCTION("IF(ISERROR(FILTER('Activity map'!$C:$C, 'Activity map'!$A:$A=$A65)), 0, COUNTA(UNIQUE(FILTER('Activity map'!$C:$C, 'Activity map'!$A:$A=$A65))))"),17.0) -> 17 | S65: =1 - Q65/R65 -> 0 | T65: =IFERROR(__xludf.DUMMYFUNCTION("IF(ISERROR(FILTER('Activity map'!$E:$E, ('Activity map'!$A:$A=$A65)*('Activity map'!$F:$F=FALSE))), ""-"", MIN(UNIQUE(FILTER('Activity map'!$E:$E, ('Activity map'!$A:$A=$A65)*('Activity map'!$F:$F=FALSE)))))"),2.0) -> 2 | U65: =IF($N65=0, "-", VLOOKUP($N65, 'List of log slots'!$A:$C, 2, FALSE)) -> Abyssal pearls
A66: 141 | B66: =VLOOKUP($A66, 'Completion rates'!$A:$E, 2, FALSE) -> Killing albatross (boat combat) | C66: =IF(Notes!$E$27, VLOOKUP($A66, 'Completion rates'!$A:$E, 4, FALSE), VLOOKUP($A66, 'Completion rates'!$A:$E, 3, FALSE)) -> 190 | D66: =VLOOKUP($A66, 'Completion rates'!$A:$E, 5, FALSE) -> 0 | E66: =IF(SUMIFS('Activity map'!$O:$O, 'Activity map'!$A:$A, A66, 'Activity map'!$H:$H, "=TRUE") = 0, "n/a", 1/SUMIFS('Activity map'!$O:$O, 'Activity map'!$A:$A, A66, 'Activity map'!$H:$H, "=TRUE")) -> 30 | F66: =IF(OR(ISBLANK(C66), E66 = "n/a"), "", E66/C66 + D66) -> 0.15789474 | G66: =IF(MINIFS('Activity map'!$N:$N, 'Activity map'!$A:$A, A66, 'Activity map'!$H:$H, "=TRUE") = 0, "n/a", MINIFS('Activity map'!$N:$N, 'Activity map'!$A:$A, A66, 'Activity map'!$H:$H, "=TRUE")) -> n/a | H66: =IF(OR(ISBLANK(C66), G66 = "n/a"), "", G66/C66 + D66) | I66: =IF(MINIFS('Activity map'!$M:$M, 'Activity map'!$A:$A, A66, 'Activity map'!$H:$H, "=TRUE") = 0, "n/a", MINIFS('Activity map'!$M:$M, 'Activity map'!$A:$A, A66, 'Activity map'!$H:$H, "=TRUE")) -> n/a | J66: =IF(OR(ISBLANK(C66), I66 = "n/a"), "", I66/C66 + D66) | K66: =IF(MINIFS('Activity map'!$L:$L, 'Activity map'!$A:$A, A66, 'Activity map'!$H:$H, "=TRUE") = 0, "n/a", MINIFS('Activity map'!$L:$L, 'Activity map'!$A:$A, A66, 'Activity map'!$H:$H, "=TRUE")) -> n/a | L66: =IF(OR(ISBLANK(C66), K66 = "n/a"), "", K66/C66 + D66) | M66: =MINIFS('Activity map'!$C:$C, 'Activity map'!$A:$A, $A66, 'Activity map'!$H:$H, "=TRUE", 'Activity map'!$K:$K, MINIFS('Activity map'!$K:$K, 'Activity map'!$A:$A, $A66, 'Activity map'!$H:$H, "=TRUE")) -> 31952 | N66: =MINIFS('Activity map'!$C:$C, 'Activity map'!$A:$A, $A66, 'Activity map'!$H:$H, "=TRUE", 'Activity map'!$E:$E, $T66) -> 31952 | O66: =IF(MIN(F66,H66,J66,L66) = 0, "Done!", MIN(F66,H66,J66,L66) / 24) -> 0.0065789474 | P66: =IF($M66=0, "-", VLOOKUP($M66, 'List of log slots'!$A:$C, 2, FALSE)) -> Swift albatross feather | Q66: =IFERROR(__xludf.DUMMYFUNCTION("IF(ISERROR(FILTER('Activity map'!$C:$C, ('Activity map'!$A:$A=$A66)*('Activity map'!$F:$F=FALSE))), 0, COUNTA(UNIQUE(FILTER('Activity map'!$C:$C, ('Activity map'!$A:$A=$A66)*('Activity map'!$F:$F=FALSE)))))"),1.0) -> 1 | R66: =IFERROR(__xludf.DUMMYFUNCTION("IF(ISERROR(FILTER('Activity map'!$C:$C, 'Activity map'!$A:$A=$A66)), 0, COUNTA(UNIQUE(FILTER('Activity map'!$C:$C, 'Activity map'!$A:$A=$A66))))"),1.0) -> 1 | S66: =1 - Q66/R66 -> 0 | T66: =IFERROR(__xludf.DUMMYFUNCTION("IF(ISERROR(FILTER('Activity map'!$E:$E, ('Activity map'!$A:$A=$A66)*('Activity map'!$F:$F=FALSE))), ""-"", MIN(UNIQUE(FILTER('Activity map'!$E:$E, ('Activity map'!$A:$A=$A66)*('Activity map'!$F:$F=FALSE)))))"),2.0) -> 2 | U66: =IF($N66=0, "-", VLOOKUP($N66, 'List of log slots'!$A:$C, 2, FALSE)) -> Swift albatross feather
A67: 182 | B67: =VLOOKUP($A67, 'Completion rates'!$A:$E, 2, FALSE) -> Killing cave crawlers | C67: =IF(Notes!$E$27, VLOOKUP($A67, 'Completion rates'!$A:$E, 4, FALSE), VLOOKUP($A67, 'Completion rates'!$A:$E, 3, FALSE)) -> 800 | D67: =VLOOKUP($A67, 'Completion rates'!$A:$E, 5, FALSE) -> 0 | E67: =IF(SUMIFS('Activity map'!$O:$O, 'Activity map'!$A:$A, A67, 'Activity map'!$H:$H, "=TRUE") = 0, "n/a", 1/SUMIFS('Activity map'!$O:$O, 'Activity map'!$A:$A, A67, 'Activity map'!$H:$H, "=TRUE")) -> 127.94534 | F67: =IF(OR(ISBLANK(C67), E67 = "n/a"), "", E67/C67 + D67) -> 0.15993167 | G67: =IF(MINIFS('Activity map'!$N:$N, 'Activity map'!$A:$A, A67, 'Activity map'!$H:$H, "=TRUE") = 0, "n/a", MINIFS('Activity map'!$N:$N, 'Activity map'!$A:$A, A67, 'Activity map'!$H:$H, "=TRUE")) -> n/a | H67: =IF(OR(ISBLANK(C67), G67 = "n/a"), "", G67/C67 + D67) | I67: =IF(MINIFS('Activity map'!$M:$M, 'Activity map'!$A:$A, A67, 'Activity map'!$H:$H, "=TRUE") = 0, "n/a", MINIFS('Activity map'!$M:$M, 'Activity map'!$A:$A, A67, 'Activity map'!$H:$H, "=TRUE")) -> n/a | J67: =IF(OR(ISBLANK(C67), I67 = "n/a"), "", I67/C67 + D67) | K67: =IF(MINIFS('Activity map'!$L:$L, 'Activity map'!$A:$A, A67, 'Activity map'!$H:$H, "=TRUE") = 0, "n/a", MINIFS('Activity map'!$L:$L, 'Activity map'!$A:$A, A67, 'Activity map'!$H:$H, "=TRUE")) -> n/a | L67: =IF(OR(ISBLANK(C67), K67 = "n/a"), "", K67/C67 + D67) | M67: =MINIFS('Activity map'!$C:$C, 'Activity map'!$A:$A, $A67, 'Activity map'!$H:$H, "=TRUE", 'Activity map'!$K:$K, MINIFS('Activity map'!$K:$K, 'Activity map'!$A:$A, $A67, 'Activity map'!$H:$H, "=TRUE")) -> 4119 | N67: =MINIFS('Activity map'!$C:$C, 'Activity map'!$A:$A, $A67, 'Activity map'!$H:$H, "=TRUE", 'Activity map'!$E:$E, $T67) -> 4119 | O67: =IF(MIN(F67,H67,J67,L67) = 0, "Done!", MIN(F67,H67,J67,L67) / 24) -> 0.0066638196 | P67: =IF($M67=0, "-", VLOOKUP($M67, 'List of log slots'!$A:$C, 2, FALSE)) -> Bronze boots | Q67: =IFERROR(__xludf.DUMMYFUNCTION("IF(ISERROR(FILTER('Activity map'!$C:$C, ('Activity map'!$A:$A=$A67)*('Activity map'!$F:$F=FALSE))), 0, COUNTA(UNIQUE(FILTER('Activity map'!$C:$C, ('Activity map'!$A:$A=$A67)*('Activity map'!$F:$F=FALSE)))))"),3.0) -> 3 | R67: =IFERROR(__xludf.DUMMYFUNCTION("IF(ISERROR(FILTER('Activity map'!$C:$C, 'Activity map'!$A:$A=$A67)), 0, COUNTA(UNIQUE(FILTER('Activity map'!$C:$C, 'Activity map'!$A:$A=$A67))))"),3.0) -> 3 | S67: =1 - Q67/R67 -> 0 | T67: =IFERROR(__xludf.DUMMYFUNCTION("IF(ISERROR(FILTER('Activity map'!$E:$E, ('Activity map'!$A:$A=$A67)*('Activity map'!$F:$F=FALSE))), ""-"", MIN(UNIQUE(FILTER('Activity map'!$E:$E, ('Activity map'!$A:$A=$A67)*('Activity map'!$F:$F=FALSE)))))"),1.0) -> 1 | U67: =IF($N67=0, "-", VLOOKUP($N67, 'List of log slots'!$A:$C, 2, FALSE)) -> Bronze boots
A68: 237 | B68: =VLOOKUP($A68, 'Completion rates'!$A:$E, 2, FALSE) -> Killing ankou (stronghold of security) | C68: =IF(Notes!$E$27, VLOOKUP($A68, 'Completion rates'!$A:$E, 4, FALSE), VLOOKUP($A68, 'Completion rates'!$A:$E, 3, FALSE)) -> 200 | D68: =VLOOKUP($A68, 'Completion rates'!$A:$E, 5, FALSE) -> 0 | E68: =IF(SUMIFS('Activity map'!$O:$O, 'Activity map'!$A:$A, A68, 'Activity map'!$H:$H, "=TRUE") = 0, "n/a", 1/SUMIFS('Activity map'!$O:$O, 'Activity map'!$A:$A, A68, 'Activity map'!$H:$H, "=TRUE")) -> 34 | F68: =IF(OR(ISBLANK(C68), E68 = "n/a"), "", E68/C68 + D68) -> 0.17 | G68: =IF(MINIFS('Activity map'!$N:$N, 'Activity map'!$A:$A, A68, 'Activity map'!$H:$H, "=TRUE") = 0, "n/a", MINIFS('Activity map'!$N:$N, 'Activity map'!$A:$A, A68, 'Activity map'!$H:$H, "=TRUE")) -> n/a | H68: =IF(OR(ISBLANK(C68), G68 = "n/a"), "", G68/C68 + D68) | I68: =IF(MINIFS('Activity map'!$M:$M, 'Activity map'!$A:$A, A68, 'Activity map'!$H:$H, "=TRUE") = 0, "n/a", MINIFS('Activity map'!$M:$M, 'Activity map'!$A:$A, A68, 'Activity map'!$H:$H, "=TRUE")) -> n/a | J68: =IF(OR(ISBLANK(C68), I68 = "n/a"), "", I68/C68 + D68) | K68: =IF(MINIFS('Activity map'!$L:$L, 'Activity map'!$A:$A, A68, 'Activity map'!$H:$H, "=TRUE") = 0, "n/a", MINIFS('Activity map'!$L:$L, 'Activity map'!$A:$A, A68, 'Activity map'!$H:$H, "=TRUE")) -> n/a | L68: =IF(OR(ISBLANK(C68), K68 = "n/a"), "", K68/C68 + D68) | M68: =MINIFS('Activity map'!$C:$C, 'Activity map'!$A:$A, $A68, 'Activity map'!$H:$H, "=TRUE", 'Activity map'!$K:$K, MINIFS('Activity map'!$K:$K, 'Activity map'!$A:$A, $A68, 'Activity map'!$H:$H, "=TRUE")) -> 9008 | N68: =MINIFS('Activity map'!$C:$C, 'Activity map'!$A:$A, $A68, 'Activity map'!$H:$H, "=TRUE", 'Activity map'!$E:$E, $T68) -> 9008 | O68: =IF(MIN(F68,H68,J68,L68) = 0, "Done!", MIN(F68,H68,J68,L68) / 24) -> 0.0070833333 | P68: =IF($M68=0, "-", VLOOKUP($M68, 'List of log slots'!$A:$C, 2, FALSE)) -> Left skull half | Q68: =IFERROR(__xludf.DUMMYFUNCTION("IF(ISERROR(FILTER('Activity map'!$C:$C, ('Activity map'!$A:$A=$A68)*('Activity map'!$F:$F=FALSE))), 0, COUNTA(UNIQUE(FILTER('Activity map'!$C:$C, ('Activity map'!$A:$A=$A68)*('Activity map'!$F:$F=FALSE)))))"),1.0) -> 1 | R68: =IFERROR(__xludf.DUMMYFUNCTION("IF(ISERROR(FILTER('Activity map'!$C:$C, 'Activity map'!$A:$A=$A68)), 0, COUNTA(UNIQUE(FILTER('Activity map'!$C:$C, 'Activity map'!$A:$A=$A68))))"),1.0) -> 1 | S68: =1 - Q68/R68 -> 0 | T68: =IFERROR(__xludf.DUMMYFUNCTION("IF(ISERROR(FILTER('Activity map'!$E:$E, ('Activity map'!$A:$A=$A68)*('Activity map'!$F:$F=FALSE))), ""-"", MIN(UNIQUE(FILTER('Activity map'!$E:$E, ('Activity map'!$A:$A=$A68)*('Activity map'!$F:$F=FALSE)))))"),2.0) -> 2 | U68: =IF($N68=0, "-", VLOOKUP($N68, 'List of log slots'!$A:$C, 2, FALSE)) -> Left skull half
A69: 117 | B69: =VLOOKUP($A69, 'Completion rates'!$A:$E, 2, FALSE) -> Collecting termites (colossal wyrm agility) | C69: =IF(Notes!$E$27, VLOOKUP($A69, 'Completion rates'!$A:$E, 4, FALSE), VLOOKUP($A69, 'Completion rates'!$A:$E, 3, FALSE)) -> 235 | D69: =VLOOKUP($A69, 'Completion rates'!$A:$E, 5, FALSE) -> 0 | E69: =IF(SUMIFS('Activity map'!$O:$O, 'Activity map'!$A:$A, A69, 'Activity map'!$H:$H, "=TRUE") = 0, "n/a", 1/SUMIFS('Activity map'!$O:$O, 'Activity map'!$A:$A, A69, 'Activity map'!$H:$H, "=TRUE")) -> n/a | F69: =IF(OR(ISBLANK(C69), E69 = "n/a"), "", E69/C69 + D69) | G69: =IF(MINIFS('Activity map'!$N:$N, 'Activity map'!$A:$A, A69, 'Activity map'!$H:$H, "=TRUE") = 0, "n/a", MINIFS('Activity map'!$N:$N, 'Activity map'!$A:$A, A69, 'Activity map'!$H:$H, "=TRUE")) -> n/a | H69: =IF(OR(ISBLANK(C69), G69 = "n/a"), "", G69/C69 + D69) | I69: =IF(MINIFS('Activity map'!$M:$M, 'Activity map'!$A:$A, A69, 'Activity map'!$H:$H, "=TRUE") = 0, "n/a", MINIFS('Activity map'!$M:$M, 'Activity map'!$A:$A, A69, 'Activity map'!$H:$H, "=TRUE")) -> n/a | J69: =IF(OR(ISBLANK(C69), I69 = "n/a"), "", I69/C69 + D69) | K69: =IF(MINIFS('Activity map'!$L:$L, 'Activity map'!$A:$A, A69, 'Activity map'!$H:$H, "=TRUE") = 0, "n/a", MINIFS('Activity map'!$L:$L, 'Activity map'!$A:$A, A69, 'Activity map'!$H:$H, "=TRUE")) -> 40 | L69: =IF(OR(ISBLANK(C69), K69 = "n/a"), "", K69/C69 + D69) -> 0.17021277 | M69: =MINIFS('Activity map'!$C:$C, 'Activity map'!$A:$A, $A69, 'Activity map'!$H:$H, "=TRUE", 'Activity map'!$K:$K, MINIFS('Activity map'!$K:$K, 'Activity map'!$A:$A, $A69, 'Activity map'!$H:$H, "=TRUE")) -> 30040 | N69: =MINIFS('Activity map'!$C:$C, 'Activity map'!$A:$A, $A69, 'Activity map'!$H:$H, "=TRUE", 'Activity map'!$E:$E, $T69) -> 30040 | O69: =IF(MIN(F69,H69,J69,L69) = 0, "Done!", MIN(F69,H69,J69,L69) / 24) -> 0.0070921986 | P69: =IF($M69=0, "-", VLOOKUP($M69, 'List of log slots'!$A:$C, 2, FALSE)) -> Colossal wyrm teleport scroll | Q69: =IFERROR(__xludf.DUMMYFUNCTION("IF(ISERROR(FILTER('Activity map'!$C:$C, ('Activity map'!$A:$A=$A69)*('Activity map'!$F:$F=FALSE))), 0, COUNTA(UNIQUE(FILTER('Activity map'!$C:$C, ('Activity map'!$A:$A=$A69)*('Activity map'!$F:$F=FALSE)))))"),8.0) -> 8 | R69: =IFERROR(__xludf.DUMMYFUNCTION("IF(ISERROR(FILTER('Activity map'!$C:$C, 'Activity map'!$A:$A=$A69)), 0, COUNTA(UNIQUE(FILTER('Activity map'!$C:$C, 'Activity map'!$A:$A=$A69))))"),8.0) -> 8 | S69: =1 - Q69/R69 -> 0 | T69: =IFERROR(__xludf.DUMMYFUNCTION("IF(ISERROR(FILTER('Activity map'!$E:$E, ('Activity map'!$A:$A=$A69)*('Activity map'!$F:$F=FALSE))), ""-"", MIN(UNIQUE(FILTER('Activity map'!$E:$E, ('Activity map'!$A:$A=$A69)*('Activity map'!$F:$F=FALSE)))))"),3.0) -> 3 | U69: =IF($N69=0, "-", VLOOKUP($N69, 'List of log slots'!$A:$C, 2, FALSE)) -> Colossal wyrm teleport scroll
A70: 238 | B70: =VLOOKUP($A70, 'Completion rates'!$A:$E, 2, FALSE) -> Killing moss giants | C70: =IF(Notes!$E$27, VLOOKUP($A70, 'Completion rates'!$A:$E, 4, FALSE), VLOOKUP($A70, 'Completion rates'!$A:$E, 3, FALSE)) -> 450 | D70: =VLOOKUP($A70, 'Completion rates'!$A:$E, 5, FALSE) -> 0 | E70: =IF(SUMIFS('Activity map'!$O:$O, 'Activity map'!$A:$A, A70, 'Activity map'!$H:$H, "=TRUE") = 0, "n/a", 1/SUMIFS('Activity map'!$O:$O, 'Activity map'!$A:$A, A70, 'Activity map'!$H:$H, "=TRUE")) -> 76.903955 | F70: =IF(OR(ISBLANK(C70), E70 = "n/a"), "", E70/C70 + D70) -> 0.17089768 | G70: =IF(MINIFS('Activity map'!$N:$N, 'Activity map'!$A:$A, A70, 'Activity map'!$H:$H, "=TRUE") = 0, "n/a", MINIFS('Activity map'!$N:$N, 'Activity map'!$A:$A, A70, 'Activity map'!$H:$H, "=TRUE")) -> n/a | H70: =IF(OR(ISBLANK(C70), G70 = "n/a"), "", G70/C70 + D70) | I70: =IF(MINIFS('Activity map'!$M:$M, 'Activity map'!$A:$A, A70, 'Activity map'!$H:$H, "=TRUE") = 0, "n/a", MINIFS('Activity map'!$M:$M, 'Activity map'!$A:$A, A70, 'Activity map'!$H:$H, "=TRUE")) -> n/a | J70: =IF(OR(ISBLANK(C70), I70 = "n/a"), "", I70/C70 + D70) | K70: =IF(MINIFS('Activity map'!$L:$L, 'Activity map'!$A:$A, A70, 'Activity map'!$H:$H, "=TRUE") = 0, "n/a", MINIFS('Activity map'!$L:$L, 'Activity map'!$A:$A, A70, 'Activity map'!$H:$H, "=TRUE")) -> n/a | L70: =IF(OR(ISBLANK(C70), K70 = "n/a"), "", K70/C70 + D70) | M70: =MINIFS('Activity map'!$C:$C, 'Activity map'!$A:$A, $A70, 'Activity map'!$H:$H, "=TRUE", 'Activity map'!$K:$K, MINIFS('Activity map'!$K:$K, 'Activity map'!$A:$A, $A70, 'Activity map'!$H:$H, "=TRUE")) -> 22374 | N70: =MINIFS('Activity map'!$C:$C, 'Activity map'!$A:$A, $A70, 'Activity map'!$H:$H, "=TRUE", 'Activity map'!$E:$E, $T70) -> 22374 | O70: =IF(MIN(F70,H70,J70,L70) = 0, "Done!", MIN(F70,H70,J70,L70) / 24) -> 0.0071207366 | P70: =IF($M70=0, "-", VLOOKUP($M70, 'List of log slots'!$A:$C, 2, FALSE)) -> Mossy key | Q70: =IFERROR(__xludf.DUMMYFUNCTION("IF(ISERROR(FILTER('Activity map'!$C:$C, ('Activity map'!$A:$A=$A70)*('Activity map'!$F:$F=FALSE))), 0, COUNTA(UNIQUE(FILTER('Activity map'!$C:$C, ('Activity map'!$A:$A=$A70)*('Activity map'!$F:$F=FALSE)))))"),7.0) -> 7 | R70: =IFERROR(__xludf.DUMMYFUNCTION("IF(ISERROR(FILTER('Activity map'!$C:$C, 'Activity map'!$A:$A=$A70)), 0, COUNTA(UNIQUE(FILTER('Activity map'!$C:$C, 'Activity map'!$A:$A=$A70))))"),7.0) -> 7 | S70: =1 - Q70/R70 -> 0 | T70: =IFERROR(__xludf.DUMMYFUNCTION("IF(ISERROR(FILTER('Activity map'!$E:$E, ('Activity map'!$A:$A=$A70)*('Activity map'!$F:$F=FALSE))), ""-"", MIN(UNIQUE(FILTER('Activity map'!$E:$E, ('Activity map'!$A:$A=$A70)*('Activity map'!$F:$F=FALSE)))))"),2.0) -> 2 | U70: =IF($N70=0, "-", VLOOKUP($N70, 'List of log slots'!$A:$C, 2, FALSE)) -> Mossy key
A71: 207 | B71: =VLOOKUP($A71, 'Completion rates'!$A:$E, 2, FALSE) -> Looting zombie pirate's lockers | C71: =IF(Notes!$E$27, VLOOKUP($A71, 'Completion rates'!$A:$E, 4, FALSE), VLOOKUP($A71, 'Completion rates'!$A:$E, 3, FALSE)) -> 1500 | D71: =VLOOKUP($A71, 'Completion rates'!$A:$E, 5, FALSE) -> 0 | E71: =IF(SUMIFS('Activity map'!$O:$O, 'Activity map'!$A:$A, A71, 'Activity map'!$H:$H, "=TRUE") = 0, "n/a", 1/SUMIFS('Activity map'!$O:$O, 'Activity map'!$A:$A, A71, 'Activity map'!$H:$H, "=TRUE")) -> 275 | F71: =IF(OR(ISBLANK(C71), E71 = "n/a"), "", E71/C71 + D71) -> 0.18333333 | G71: =IF(MINIFS('Activity map'!$N:$N, 'Activity map'!$A:$A, A71, 'Activity map'!$H:$H, "=TRUE") = 0, "n/a", MINIFS('Activity map'!$N:$N, 'Activity map'!$A:$A, A71, 'Activity map'!$H:$H, "=TRUE")) -> n/a | H71: =IF(OR(ISBLANK(C71), G71 = "n/a"), "", G71/C71 + D71) | I71: =IF(MINIFS('Activity map'!$M:$M, 'Activity map'!$A:$A, A71, 'Activity map'!$H:$H, "=TRUE") = 0, "n/a", MINIFS('Activity map'!$M:$M, 'Activity map'!$A:$A, A71, 'Activity map'!$H:$H, "=TRUE")) -> n/a | J71: =IF(OR(ISBLANK(C71), I71 = "n/a"), "", I71/C71 + D71) | K71: =IF(MINIFS('Activity map'!$L:$L, 'Activity map'!$A:$A, A71, 'Activity map'!$H:$H, "=TRUE") = 0, "n/a", MINIFS('Activity map'!$L:$L, 'Activity map'!$A:$A, A71, 'Activity map'!$H:$H, "=TRUE")) -> n/a | L71: =IF(OR(ISBLANK(C71), K71 = "n/a"), "", K71/C71 + D71) | M71: =MINIFS('Activity map'!$C:$C, 'Activity map'!$A:$A, $A71, 'Activity map'!$H:$H, "=TRUE", 'Activity map'!$K:$K, MINIFS('Activity map'!$K:$K, 'Activity map'!$A:$A, $A71, 'Activity map'!$H:$H, "=TRUE")) -> 29455 | N71: =MINIFS('Activity map'!$C:$C, 'Activity map'!$A:$A, $A71, 'Activity map'!$H:$H, "=TRUE", 'Activity map'!$E:$E, $T71) -> 29455 | O71: =IF(MIN(F71,H71,J71,L71) = 0, "Done!", MIN(F71,H71,J71,L71) / 24) -> 0.0076388889 | P71: =IF($M71=0, "-", VLOOKUP($M71, 'List of log slots'!$A:$C, 2, FALSE)) -> Teleport anchoring scroll | Q71: =IFERROR(__xludf.DUMMYFUNCTION("IF(ISERROR(FILTER('Activity map'!$C:$C, ('Activity map'!$A:$A=$A71)*('Activity map'!$F:$F=FALSE))), 0, COUNTA(UNIQUE(FILTER('Activity map'!$C:$C, ('Activity map'!$A:$A=$A71)*('Activity map'!$F:$F=FALSE)))))"),1.0) -> 1 | R71: =IFERROR(__xludf.DUMMYFUNCTION("IF(ISERROR(FILTER('Activity map'!$C:$C, 'Activity map'!$A:$A=$A71)), 0, COUNTA(UNIQUE(FILTER('Activity map'!$C:$C, 'Activity map'!$A:$A=$A71))))"),1.0) -> 1 | S71: =1 - Q71/R71 -> 0 | T71: =IFERROR(__xludf.DUMMYFUNCTION("IF(ISERROR(FILTER('Activity map'!$E:$E, ('Activity map'!$A:$A=$A71)*('Activity map'!$F:$F=FALSE))), ""-"", MIN(UNIQUE(FILTER('Activity map'!$E:$E, ('Activity map'!$A:$A=$A71)*('Activity map'!$F:$F=FALSE)))))"),5.0) -> 5 | U71: =IF($N71=0, "-", VLOOKUP($N71, 'List of log slots'!$A:$C, 2, FALSE)) -> Teleport anchoring scroll
A72: 139 | B72: =VLOOKUP($A72, 'Completion rates'!$A:$E, 2, FALSE) -> Killing frost dragons | C72: =IF(Notes!$E$27, VLOOKUP($A72, 'Completion rates'!$A:$E, 4, FALSE), VLOOKUP($A72, 'Completion rates'!$A:$E, 3, FALSE)) -> 150 | D72: =VLOOKUP($A72, 'Completion rates'!$A:$E, 5, FALSE) -> 0 | E72: =IF(SUMIFS('Activity map'!$O:$O, 'Activity map'!$A:$A, A72, 'Activity map'!$H:$H, "=TRUE") = 0, "n/a", 1/SUMIFS('Activity map'!$O:$O, 'Activity map'!$A:$A, A72, 'Activity map'!$H:$H, "=TRUE")) -> 27.794213 | F72: =IF(OR(ISBLANK(C72), E72 = "n/a"), "", E72/C72 + D72) -> 0.18529475 | G72: =IF(MINIFS('Activity map'!$N:$N, 'Activity map'!$A:$A, A72, 'Activity map'!$H:$H, "=TRUE") = 0, "n/a", MINIFS('Activity map'!$N:$N, 'Activity map'!$A:$A, A72, 'Activity map'!$H:$H, "=TRUE")) -> n/a | H72: =IF(OR(ISBLANK(C72), G72 = "n/a"), "", G72/C72 + D72) | I72: =IF(MINIFS('Activity map'!$M:$M, 'Activity map'!$A:$A, A72, 'Activity map'!$H:$H, "=TRUE") = 0, "n/a", MINIFS('Activity map'!$M:$M, 'Activity map'!$A:$A, A72, 'Activity map'!$H:$H, "=TRUE")) -> n/a | J72: =IF(OR(ISBLANK(C72), I72 = "n/a"), "", I72/C72 + D72) | K72: =IF(MINIFS('Activity map'!$L:$L, 'Activity map'!$A:$A, A72, 'Activity map'!$H:$H, "=TRUE") = 0, "n/a", MINIFS('Activity map'!$L:$L, 'Activity map'!$A:$A, A72, 'Activity map'!$H:$H, "=TRUE")) -> n/a | L72: =IF(OR(ISBLANK(C72), K72 = "n/a"), "", K72/C72 + D72) | M72: =MINIFS('Activity map'!$C:$C, 'Activity map'!$A:$A, $A72, 'Activity map'!$H:$H, "=TRUE", 'Activity map'!$K:$K, MINIFS('Activity map'!$K:$K, 'Activity map'!$A:$A, $A72, 'Activity map'!$H:$H, "=TRUE")) -> 31406 | N72: =MINIFS('Activity map'!$C:$C, 'Activity map'!$A:$A, $A72, 'Activity map'!$H:$H, "=TRUE", 'Activity map'!$E:$E, $T72) -> 31406 | O72: =IF(MIN(F72,H72,J72,L72) = 0, "Done!", MIN(F72,H72,J72,L72) / 24) -> 0.0077206146 | P72: =IF($M72=0, "-", VLOOKUP($M72, 'List of log slots'!$A:$C, 2, FALSE)) -> Dragon nails | Q72: =IFERROR(__xludf.DUMMYFUNCTION("IF(ISERROR(FILTER('Activity map'!$C:$C, ('Activity map'!$A:$A=$A72)*('Activity map'!$F:$F=FALSE))), 0, COUNTA(UNIQUE(FILTER('Activity map'!$C:$C, ('Activity map'!$A:$A=$A72)*('Activity map'!$F:$F=FALSE)))))"),6.0) -> 6 | R72: =IFERROR(__xludf.DUMMYFUNCTION("IF(ISERROR(FILTER('Activity map'!$C:$C, 'Activity map'!$A:$A=$A72)), 0, COUNTA(UNIQUE(FILTER('Activity map'!$C:$C, 'Activity map'!$A:$A=$A72))))"),6.0) -> 6 | S72: =1 - Q72/R72 -> 0 | T72: =IFERROR(__xludf.DUMMYFUNCTION("IF(ISERROR(FILTER('Activity map'!$E:$E, ('Activity map'!$A:$A=$A72)*('Activity map'!$F:$F=FALSE))), ""-"", MIN(UNIQUE(FILTER('Activity map'!$E:$E, ('Activity map'!$A:$A=$A72)*('Activity map'!$F:$F=FALSE)))))"),3.0) -> 3 | U72: =IF($N72=0, "-", VLOOKUP($N72, 'List of log slots'!$A:$C, 2, FALSE)) -> Dragon nails
